"ID","Description","GeneRatio","BgRatio","pvalue","p.adjust","qvalue","geneID","Count"
"GO:0030098","lymphocyte differentiation","32/498","395/23210",1.48601228701518e-10,6.34824449012884e-07,4.91948278175025e-07,"Ahr/Bmp4/Zbtb16/Nfkbiz/Slamf6/Egr1/Zfp36l1/Il11ra1/Clec4e/Clec4d/Hlx/Hsp90aa1/Fzd5/Adam17/Nfam1/Mmp14/Bcl11b/Tnfaip3/Mir18/Cd46/Il18r1/Myb/Adgrg3/Mir19a/Shb/Zfp36l2/Lepr/Srf/Fgl2/Il15/Dnajb9/Trp53",32
"GO:0043620","regulation of DNA-templated transcription in response to stress","12/498","56/23210",1.97841111964711e-09,2.59902612790751e-06,2.01407874341344e-06,"Dnajb1/Jun/Ppp1r15a/Bag3/Ddit3/Egr1/Atf3/Cebpb/Atf4/Rela/Sesn2/Trp53",12
"GO:0042110","T cell activation","34/498","491/23210",2.41718552457262e-09,2.59902612790751e-06,2.01407874341344e-06,"Bmp4/Zbtb16/Nfkbiz/Slamf6/Egr1/Zfp36l1/Icos/Clec4e/Cd209a/Clec4d/Hlx/Cebpb/Gpnmb/Hsp90aa1/Fzd5/Adam17/Hsph1/Bcl11b/Hspd1/Cd46/Il18r1/Icam1/Myb/Hes1/Shb/Gja1/Zfp36l2/Cd80/Lepr/Srf/Fgl2/Il15/Trp53/Zc3h12d",34
"GO:0048660","regulation of smooth muscle cell proliferation","19/498","163/23210",2.43354506358381e-09,2.59902612790751e-06,2.01407874341344e-06,"Hbegf/Jun/Bmp4/Myc/Ptgs2/Egr1/Cdkn1a/Trib1/Ptafr/Tnfaip3/Thbs1/Mmp2/Vipr2/Adipoq/Ern1/Adamts1/Il15/Cdh13/Trp53",19
"GO:0048659","smooth muscle cell proliferation","19/498","168/23210",4.04846692643276e-09,3.45901014194415e-06,2.68051125971179e-06,"Hbegf/Jun/Bmp4/Myc/Ptgs2/Egr1/Cdkn1a/Trib1/Ptafr/Tnfaip3/Thbs1/Mmp2/Vipr2/Adipoq/Ern1/Adamts1/Il15/Cdh13/Trp53",19
"GO:0043618","regulation of transcription from RNA polymerase II promoter in response to stress","11/498","51/23210",8.7257625897508e-09,6.21274296390257e-06,4.81447777978356e-06,"Dnajb1/Jun/Ppp1r15a/Bag3/Ddit3/Egr1/Atf3/Cebpb/Atf4/Sesn2/Trp53",11
"GO:0006986","response to unfolded protein","15/498","110/23210",1.3848370775022e-08,8.45146285012773e-06,6.54934226878861e-06,"Ppp1r15a/Bag3/Ccnd1/Ddit3/Chac1/Atf3/Hsp90aa1/Hsph1/Hspd1/Thbs1/Atf4/Hspa5/Ern1/Hspa1a/Dnajb9",15
"GO:0030217","T cell differentiation","23/498","269/23210",2.18422778935255e-08,1.16637763951426e-05,9.03867947041284e-06,"Bmp4/Zbtb16/Nfkbiz/Slamf6/Egr1/Zfp36l1/Clec4e/Clec4d/Hlx/Hsp90aa1/Fzd5/Adam17/Bcl11b/Cd46/Il18r1/Myb/Shb/Zfp36l2/Lepr/Srf/Fgl2/Il15/Trp53",23
"GO:0033002","muscle cell proliferation","21/498","234/23210",3.90105258929267e-08,1.85169962905092e-05,1.43494858401467e-05,"Hbegf/Pim1/Jun/Bmp4/Myc/Ptgs2/Egr1/Cdkn1a/Trib1/Ptafr/Tnfaip3/Thbs1/Mmp2/Vipr2/Adipoq/Gja1/Ern1/Adamts1/Il15/Cdh13/Trp53",21
"GO:0071900","regulation of protein serine/threonine kinase activity","29/498","427/23210",5.63523470432832e-08,2.40737226568906e-05,1.8655592784329e-05,"Ccnl1/Gadd45a/Pim1/Chordc1/Tnxb/Dusp5/Bmp4/Ccnd1/Cdkn1a/Map3k6/Trib1/Dusp1/Rgs2/Ccnjl/Spry4/Fzd5/Adam17/Hexim1/Tnfaip3/Thbs1/Irgm2/Ddx3x/Adipoq/Ern1/Ccnyl1/Sesn2/Dusp8/Spry1/Map2k4",29
"GO:1903706","regulation of hemopoiesis","28/498","407/23210",7.31843081461819e-08,2.84221240364081e-05,2.20253252746165e-05,"Pim1/Ccl3/Jun/Bmp4/Zbtb16/Nfkbiz/Myc/Fos/Zfp36l1/Trib1/Lif/Ccr1/Zfp36/Hlx/Cebpb/Hsp90aa1/Nfam1/Mmp14/Cd46/Myb/Adipoq/Hes1/Shb/Zfp36l2/Leo1/H4c9/Fgl2/Il15",28
"GO:0048511","rhythmic process","23/498","291/23210",9.28651387841399e-08,3.30599894071538e-05,2.56193738136947e-05,"Ahr/Arntl/Nfil3/Siah2/Nfya/Egr1/Noct/Per3/Per1/Mat2a/Nr1d2/Npas2/Hlf/Dbp/Prkcg/Clock/Atf4/Egr2/Adamts1/Cry2/Lepr/Ciart/Trp53",23
"GO:0048568","embryonic organ development","31/498","493/23210",1.11297162273314e-07,3.41236689809738e-05,2.64436573391392e-05,"Adm/Ahr/Bmp4/Pcdh12/Tcf21/Myc/Epha2/Zfp36l1/Foxf2/Lif/Snai1/Ccn1/Cc2d2a/Junb/Hlx/Fendrr/Cebpb/Fzd5/Socs3/Mmp14/Wdr19/Tbx3/Myb/Hes1/Gja1/Flvcr1/Senp2/Tbx6/Srf/Trp53/Dnaaf1",31
"GO:1902105","regulation of leukocyte differentiation","23/498","294/23210",1.11828503214802e-07,3.41236689809738e-05,2.64436573391392e-05,"Ccl3/Jun/Bmp4/Zbtb16/Nfkbiz/Myc/Fos/Zfp36l1/Trib1/Lif/Ccr1/Hlx/Cebpb/Hsp90aa1/Nfam1/Mmp14/Cd46/Myb/Adipoq/Shb/Zfp36l2/Fgl2/Il15",23
"GO:0007623","circadian rhythm","19/498","208/23210",1.31084531888011e-07,3.73328746817056e-05,2.8930586160547e-05,"Ahr/Arntl/Nfil3/Siah2/Egr1/Noct/Per3/Per1/Mat2a/Nr1d2/Npas2/Dbp/Prkcg/Clock/Atf4/Cry2/Lepr/Ciart/Trp53",19
"GO:0032922","circadian regulation of gene expression","11/498","66/23210",1.47251401847178e-07,3.89532911738038e-05,3.0186305130498e-05,"Ahr/Arntl/Egr1/Noct/Per3/Per1/Npas2/Clock/Atf4/Cry2/Ciart",11
"GO:0001890","placenta development","17/498","170/23210",1.63975797636423e-07,3.89532911738038e-05,3.0186305130498e-05,"Adm/Serpine1/Pcdh12/Ptgs2/Zfp36l1/Il11ra1/Lif/Snai1/Ccn1/Junb/Cebpb/Fzd5/Socs3/Hes1/Fosl1/Senp2/Ptgis",17
"GO:0048608","reproductive structure development","29/498","449/23210",1.64129035844679e-07,3.89532911738038e-05,3.0186305130498e-05,"Adm/Ahr/Serpine1/Bmp4/Pcdh12/Tcf21/Ptgs2/Ccnd1/Zfp36l1/Foxf2/Il11ra1/Lif/Snai1/Ccn1/Junb/Cebpb/Fzd5/Socs3/Wdr19/Tbx3/Icam1/Mmp2/Hes1/Gja1/Adamts1/Fosl1/Senp2/Ptgis/Cftr",29
"GO:0035966","response to topologically incorrect protein","15/498","133/23210",1.82131119410087e-07,4.02203558806209e-05,3.11681991042166e-05,"Ppp1r15a/Bag3/Ccnd1/Ddit3/Chac1/Atf3/Hsp90aa1/Hsph1/Hspd1/Thbs1/Atf4/Hspa5/Ern1/Hspa1a/Dnajb9",15
"GO:0045786","negative regulation of cell cycle","29/498","452/23210",1.88764668657625e-07,4.02203558806209e-05,3.11681991042166e-05,"Nr4a1/Btg2/Nabp1/Gadd45a/Bmp4/Ovol1/Myc/Ptgs2/Ccnd1/Ddit3/Cdkn1a/Zfp36l1/Lif/Nek2/Plk3/Gpnmb/Hexim1/Wee1/Tnfaip3/Thbs1/Clock/Ern1/Zfp36l2/Ak1/Ddias/Susd2/Sde2/Trp53/Zc3h12d",29
"GO:0061458","reproductive system development","29/498","453/23210",1.97712423570468e-07,4.02203558806209e-05,3.11681991042166e-05,"Adm/Ahr/Serpine1/Bmp4/Pcdh12/Tcf21/Ptgs2/Ccnd1/Zfp36l1/Foxf2/Il11ra1/Lif/Snai1/Ccn1/Junb/Cebpb/Fzd5/Socs3/Wdr19/Tbx3/Icam1/Mmp2/Hes1/Gja1/Adamts1/Fosl1/Senp2/Ptgis/Cftr",29
"GO:0035914","skeletal muscle cell differentiation","12/498","88/23210",3.90803480175713e-07,7.5886930332302e-05,5.88075093374457e-05,"Arntl/Nr4a1/Btg2/Myc/Fos/Egr1/Atf3/Nr1d2/Hlf/Egr2/Mir669a-3/Scx",12
"GO:1902895","positive regulation of pri-miRNA transcription by RNA polymerase II","8/498","35/23210",6.00528024845399e-07,0.000111541553136502,8.64375578095551e-05,"Jun/Bmp4/Fos/Gnl3/Smad6/Rela/Srf/Trp53",8
"GO:0051591","response to cAMP","10/498","61/23210",6.39379351115994e-07,0.000113809524498647,8.81950903184123e-05,"Ahr/Jun/Zfp36l1/Junb/Per1/Mat2a/Jund/Adipoq/Cdk2/Cftr",10
"GO:0030856","regulation of epithelial cell differentiation","15/498","147/23210",6.73529779261052e-07,0.000115092768680129,8.91895223484636e-05,"Arntl/Serpine1/Bmp4/Numb/Ccnd1/Zfp36l1/Lif/Zfp36/Cebpb/Tbx3/Clock/Adipoq/Hes1/Prom1/Cftr",15
"GO:1902107","positive regulation of leukocyte differentiation","16/498","168/23210",7.33192656127029e-07,0.00012046919334518,9.33559070250813e-05,"Ccl3/Jun/Zbtb16/Nfkbiz/Fos/Zfp36l1/Trib1/Lif/Ccr1/Hlx/Hsp90aa1/Mmp14/Cd46/Myb/Shb/Il15",16
"GO:0001503","ossification","25/498","381/23210",8.81872681212932e-07,0.000139531855338579,0.000108128248827083,"Ahr/Bmp4/Aspn/Zbtb16/Epha2/Ptgs2/Ccr1/Ccn1/Noct/Col1a2/Mgp/Junb/Gdf10/Cebpb/Mmp14/Smad6/Jund/Mmp2/Egr2/Gja1/Spp1/Tob1/Clec5a/Phex/Scx",25
"GO:0045444","fat cell differentiation","19/498","238/23210",1.04686426768667e-06,0.000159721576841338,0.000123773989544157,"Arntl/Nr4a1/Zbtb16/Ptgs2/Ccnd1/Ddit3/Zfp36l1/Rgs2/Noct/Zfp36/Gdf10/Cebpb/Smad6/Adipoq/Hes1/Egr2/Zfp36l2/Noc3l/Senp2",19
"GO:1903037","regulation of leukocyte cell-cell adhesion","21/498","287/23210",1.18564164808484e-06,0.000174657280021325,0.000135348202657961,"Bmp4/Zbtb16/Nfkbiz/Icos/Ptafr/Hlx/Cebpb/Gpnmb/Hsp90aa1/Hsph1/Hspd1/Cd46/Icam1/Myb/Hes1/Rela/Shb/Cd80/Fgl2/Il15/Zc3h12d",21
"GO:0061614","pri-miRNA transcription by RNA polymerase II","9/498","52/23210",1.45355384900306e-06,0.000201033830482497,0.000155788339460736,"Jun/Bmp4/Fos/Gnl3/Smad6/Rela/Fosl1/Srf/Trp53",9
"GO:0060537","muscle tissue development","28/498","472/23210",1.45881290846381e-06,0.000201033830482497,0.000155788339460736,"Ahr/Arntl/Nr4a1/Btg2/Pim1/Bmp4/Tcf21/Myc/Fos/Egr1/Atf3/Rgs2/Homer1/Hlx/Cacybp/Rcan1/Nr1d2/Hlf/Tbx3/Egr2/Gja1/Zfand5/Mir669a-3/Col3a1/Col14a1/Srf/Scx/Map2k4",28
"GO:0002683","negative regulation of immune system process","28/498","473/23210",1.52014247066206e-06,0.000202939019833385,0.000157264739152374,"Bmp4/Zbtb16/Myc/Zfp36l1/Trib1/Dusp1/Ccr1/Zfp36/Hlx/Cebpb/Gpnmb/Klre1/Tnfaip3/Thbs1/Cd46/Gcsam/Tff2/Adipoq/Hes1/Pik3ap1/Leo1/Cd80/Elf1/Cd68/H4c9/Col3a1/Fgl2/Zc3h12d",28
"GO:0051348","negative regulation of transferase activity","19/498","246/23210",1.71743660643085e-06,0.000222329975232503,0.000172291487311803,"Gadd45a/Chordc1/Dusp5/Bmp4/Cdkn1a/Trib1/Dusp1/Rgs2/Zfp36/Spry4/Hexim1/Tnfaip3/Pik3ip1/Midn/Adipoq/Shb/Dusp8/Spry1/Trp53",19
"GO:0035082","axoneme assembly","10/498","68/23210",1.80270867020797e-06,0.000225904812121917,0.000175061756880403,"Dnah7b/Dnali1/Cc2d2a/Cfap43/Spag6l/Dnah5/Rp1/Hydin/Spag16/Dnaaf1",10
"GO:1990440","positive regulation of transcription from RNA polymerase II promoter in response to endoplasmic reticulum stress","5/498","11/23210",1.85081189706627e-06,0.000225904812121917,0.000175061756880403,"Ddit3/Atf3/Cebpb/Atf4/Trp53",5
"GO:0006979","response to oxidative stress","25/498","400/23210",2.12422461567033e-06,0.000252074654392879,0.000195341708078456,"Arntl/Jun/Bmp4/Ptgs2/Fos/Gch1/Mcl1/Plk3/Rcan1/Hsph1/Pdk1/Tnfaip3/Thbs1/Idh1/Mmp2/Adipoq/Atf4/Srxn1/Glrx/Rela/Etv5/Ddias/Sesn2/Acox2/Trp53",25
"GO:0003341","cilium movement","10/498","70/23210",2.3672020396136e-06,0.000273315867925116,0.000211802287754901,"Dnah7b/Dnali1/Cfap43/Dnah5/Cfap54/Tekt4/Hydin/Spag16/Dnah3/Dnaaf1",10
"GO:0002292","T cell differentiation involved in immune response","10/498","71/23210",2.70301679529833e-06,0.000303875993408275,0.000235484427180422,"Nfkbiz/Slamf6/Clec4e/Clec4d/Hlx/Cd46/Il18r1/Myb/Shb/Fgl2",10
"GO:0048661","positive regulation of smooth muscle cell proliferation","12/498","106/23210",2.9548175423842e-06,0.000323666167719623,0.000250820544421007,"Hbegf/Jun/Bmp4/Myc/Ptgs2/Egr1/Ptafr/Thbs1/Mmp2/Ern1/Adamts1/Cdh13",12
"GO:0045785","positive regulation of cell adhesion","25/498","411/23210",3.43694184715292e-06,0.000367065389275932,0.000284452160770946,"Mmrn2/Zbtb16/Nfkbiz/Icos/Ccn1/Ptafr/Hlx/Hsp90aa1/Hsph1/Cass4/Hspd1/Thbs1/Cd46/Icam1/Myb/Ptpn23/Lims2/Hes1/Rela/Shb/Spp1/Cd80/Dock1/Il15/Cdh13",25
"GO:0032835","glomerulus development","9/498","58/23210",3.75389994750409e-06,0.000391138062822865,0.000303106940562269,"Ahr/Bmp4/Tcf21/Egr1/Myo1e/Klf15/Adipoq/Hes1/Prom1",9
"GO:0033673","negative regulation of kinase activity","17/498","214/23210",4.11466663134699e-06,0.000418520377359865,0.000324326480089882,"Gadd45a/Chordc1/Dusp5/Bmp4/Cdkn1a/Trib1/Dusp1/Rgs2/Spry4/Hexim1/Tnfaip3/Pik3ip1/Midn/Adipoq/Shb/Dusp8/Spry1",17
"GO:0060711","labyrinthine layer development","9/498","59/23210",4.34628232580442e-06,0.000431798095252011,0.000334615860823865,"Adm/Pcdh12/Zfp36l1/Ccn1/Junb/Fzd5/Socs3/Hes1/Senp2",9
"GO:0008625","extrinsic apoptotic signaling pathway via death domain receptors","10/498","75/23210",4.49494351282441e-06,0.000432545578008378,0.000335195112072824,"Serpine1/Bag3/Fasl/Atf3/Tnfaip3/Thbs1/Icam1/Ddx3x/Dedd2/Tnfrsf10b",10
"GO:1902893","regulation of pri-miRNA transcription by RNA polymerase II","8/498","45/23210",4.55630875711072e-06,0.000432545578008378,0.000335195112072824,"Jun/Bmp4/Fos/Gnl3/Smad6/Rela/Srf/Trp53",8
"GO:0071901","negative regulation of protein serine/threonine kinase activity","12/498","111/23210",4.80653896407657e-06,0.000433777994590502,0.000336150155969625,"Chordc1/Dusp5/Bmp4/Cdkn1a/Dusp1/Rgs2/Spry4/Hexim1/Tnfaip3/Adipoq/Dusp8/Spry1",12
"GO:0061318","renal filtration cell differentiation","5/498","13/23210",4.97544984431989e-06,0.000433777994590502,0.000336150155969625,"Bmp4/Myo1e/Klf15/Adipoq/Prom1",5
"GO:0072112","glomerular visceral epithelial cell differentiation","5/498","13/23210",4.97544984431989e-06,0.000433777994590502,0.000336150155969625,"Bmp4/Myo1e/Klf15/Adipoq/Prom1",5
"GO:0072311","glomerular epithelial cell differentiation","5/498","13/23210",4.97544984431989e-06,0.000433777994590502,0.000336150155969625,"Bmp4/Myo1e/Klf15/Adipoq/Prom1",5
"GO:0019229","regulation of vasoconstriction","10/498","76/23210",5.07791442279766e-06,0.000433857008283832,0.000336211386519972,"Adm/Ahr/Dusp5/Ptgs2/Ptafr/Avpr1a/Smad6/Icam1/Mmp2/Gja1",10
"GO:0001892","embryonic placenta development","12/498","112/23210",5.28018764036205e-06,0.000438864382811711,0.000340091780983351,"Adm/Pcdh12/Zfp36l1/Lif/Snai1/Ccn1/Junb/Cebpb/Fzd5/Socs3/Hes1/Senp2",12
"GO:0001819","positive regulation of cytokine production","26/498","449/23210",5.341982187783e-06,0.000438864382811711,0.000340091780983351,"Ccl3/Serpine1/Ptgs2/Ddit3/Slamf6/Egr1/Clec4n/Clec4e/Tmem173/Ptafr/Cebpb/Fzd5/Adam17/Nfam1/Hspd1/Klre1/Thbs1/Cd46/Il18r1/Adipoq/Atf4/Rela/Rel/Clec5a/Mmp8/Il15",26
"GO:0022407","regulation of cell-cell adhesion","24/498","395/23210",5.48627165589155e-06,0.000442214198376768,0.000342687673441488,"Bmp4/Zbtb16/Nfkbiz/Icos/Ptafr/Hlx/Cebpb/Gpnmb/Hsp90aa1/Hsph1/Hspd1/Tnfaip3/Cd46/Icam1/Myb/Ptpn23/Adipoq/Hes1/Rela/Shb/Cd80/Fgl2/Il15/Zc3h12d",24
"GO:0002286","T cell activation involved in immune response","12/498","113/23210",5.79437047786061e-06,0.000451003785948564,0.000349499040707725,"Nfkbiz/Slamf6/Clec4e/Clec4d/Hlx/Cd46/Il18r1/Icam1/Myb/Shb/Fgl2/Trp53",12
"GO:0007519","skeletal muscle tissue development","16/498","197/23210",5.93195627604111e-06,0.000451003785948564,0.000349499040707725,"Arntl/Nr4a1/Btg2/Tcf21/Myc/Fos/Egr1/Atf3/Homer1/Hlx/Rcan1/Nr1d2/Hlf/Egr2/Mir669a-3/Scx",16
"GO:0042326","negative regulation of phosphorylation","26/498","452/23210",6.01510479562015e-06,0.000451003785948564,0.000349499040707725,"Gadd45a/Chordc1/Jun/Ppp1r15a/Dusp5/Bmp4/Cdkn1a/Trib1/Atf3/Dusp1/Lif/Rgs2/Spry4/Per1/Socs3/Hsph1/Hexim1/Dynll1/Tnfaip3/Pik3ip1/Smad6/Midn/Adipoq/Shb/Dusp8/Spry1",26
"GO:0034599","cellular response to oxidative stress","19/498","268/23210",6.01760669453842e-06,0.000451003785948564,0.000349499040707725,"Arntl/Jun/Bmp4/Fos/Gch1/Mcl1/Hsph1/Pdk1/Tnfaip3/Thbs1/Mmp2/Atf4/Srxn1/Glrx/Rela/Etv5/Ddias/Sesn2/Trp53",19
"GO:0007159","leukocyte cell-cell adhesion","21/498","319/23210",6.26440407779621e-06,0.000461405762419748,0.000357559906073849,"Bmp4/Zbtb16/Nfkbiz/Icos/Ptafr/Hlx/Cebpb/Gpnmb/Hsp90aa1/Hsph1/Hspd1/Cd46/Icam1/Myb/Hes1/Rela/Shb/Cd80/Fgl2/Il15/Zc3h12d",21
"GO:0120163","negative regulation of cold-induced thermogenesis","8/498","47/23210",6.40168480165985e-06,0.000463525380893066,0.000359202474598041,"Arntl/Ddit3/Adam17/Il18r1/Tle3/Adipoq/Atf4/Il15",8
"GO:0030099","myeloid cell differentiation","24/498","401/23210",7.07220985974072e-06,0.000503541342013539,0.000390212280857624,"Ccl3/Jun/Bmp4/Zbtb16/Myc/Epha2/Fos/Zfp36l1/Trib1/Lif/Ccr1/Zfp36/Junb/Cebpb/Alas2/Myb/Bpgm/Adipoq/Leo1/Clec5a/Flvcr1/H4c9/Srf/Il15",24
"GO:0048871","multicellular organismal homeostasis","27/498","486/23210",7.53754906057778e-06,0.000519463216804504,0.00040255071379119,"Arntl/Ptgs2/Ddit3/Egr1/Ugcg/Cldn1/Homer1/Cebpb/Adam17/Nr1d2/Il18r1/Tff2/Tle3/Adipoq/Atf4/Slc28a3/Prom1/Gja1/Spp1/Cckar/Rp1/Lepr/Col14a1/Srf/Il15/Scx/Cftr",27
"GO:0061005","cell differentiation involved in kidney development","8/498","48/23210",7.53902608658221e-06,0.000519463216804504,0.00040255071379119,"Bmp4/Tcf21/Myo1e/Lif/Klf15/Adipoq/Hes1/Prom1",8
"GO:0002237","response to molecule of bacterial origin","23/498","377/23210",8.03586231600944e-06,0.000544907997047497,0.000422268788368416,"Adm/Serpine1/Jun/Ptgs2/Trib1/Noct/Zfp36/Gch1/Junb/Ptafr/Cebpb/Fzd5/Adam17/Ptgfr/Tnfaip3/Smad6/Jund/Mir598/Irgm2/Litaf/Rela/Cd80/Cd68",23
"GO:1903039","positive regulation of leukocyte cell-cell adhesion","16/498","203/23210",8.68720931826479e-06,0.000579871221994174,0.000449363047795111,"Zbtb16/Nfkbiz/Icos/Ptafr/Hlx/Hsp90aa1/Hsph1/Hspd1/Cd46/Icam1/Myb/Hes1/Rela/Shb/Cd80/Il15",16
"GO:0006458","'de novo' protein folding","7/498","36/23210",9.77145366366221e-06,0.000642210000787153,0.00049767160764725,"Dnajb1/Hsph1/Hspd1/Hspe1/Hspa5/Hspa1a/Entpd5",7
"GO:0001578","microtubule bundle formation","11/498","100/23210",1.00829727979619e-05,0.000652643330195355,0.000505756769530946,"Dnah7b/Dnali1/Cc2d2a/Cfap43/Nckap5/Spag6l/Dnah5/Rp1/Hydin/Spag16/Dnaaf1",11
"GO:0060538","skeletal muscle organ development","16/498","206/23210",1.04530844559095e-05,0.00066650114620366,0.000516495689141167,"Arntl/Nr4a1/Btg2/Tcf21/Myc/Fos/Egr1/Atf3/Homer1/Hlx/Rcan1/Nr1d2/Hlf/Egr2/Mir669a-3/Scx",16
"GO:0072010","glomerular epithelium development","5/498","15/23210",1.12036114105421e-05,0.000703850410968173,0.000545438976565864,"Bmp4/Myo1e/Klf15/Adipoq/Prom1",5
"GO:0032496","response to lipopolysaccharide","22/498","359/23210",1.17633701815614e-05,0.000720228630446021,0.000558131047396199,"Adm/Serpine1/Jun/Ptgs2/Trib1/Noct/Zfp36/Gch1/Junb/Ptafr/Cebpb/Adam17/Ptgfr/Tnfaip3/Smad6/Jund/Mir598/Irgm2/Litaf/Rela/Cd80/Cd68",22
"GO:1903708","positive regulation of hemopoiesis","16/498","208/23210",1.1801499094387e-05,0.000720228630446021,0.000558131047396199,"Ccl3/Jun/Zbtb16/Nfkbiz/Fos/Zfp36l1/Trib1/Lif/Ccr1/Hlx/Hsp90aa1/Mmp14/Cd46/Myb/Shb/Il15",16
"GO:0042752","regulation of circadian rhythm","12/498","122/23210",1.27896373273558e-05,0.000769539868485409,0.000596344097769222,"Arntl/Siah2/Noct/Per3/Per1/Nr1d2/Npas2/Prkcg/Clock/Cry2/Lepr/Trp53",12
"GO:0014706","striated muscle tissue development","25/498","449/23210",1.57510225809e-05,0.000934560673133401,0.00072422464937033,"Arntl/Nr4a1/Btg2/Pim1/Bmp4/Tcf21/Myc/Fos/Egr1/Atf3/Rgs2/Homer1/Hlx/Cacybp/Rcan1/Nr1d2/Hlf/Tbx3/Egr2/Gja1/Mir669a-3/Col14a1/Srf/Scx/Map2k4",25
"GO:0031349","positive regulation of defense response","22/498","370/23210",1.87573957955328e-05,0.00109769307997967,0.000850641813654661,"Ccl3/Serpine1/Nfkbiz/Ptgs2/Slamf6/Pvr/Clec4e/C2cd4b/Tmem173/Cebpb/Hspd1/Hexim1/Klre1/Tnfaip3/Npas2/Clock/Irgm2/Mmp2/Rela/Pik3ap1/Gja1/Mmp8",22
"GO:0036003","positive regulation of transcription from RNA polymerase II promoter in response to stress","6/498","27/23210",1.91033068505414e-05,0.00110282874142585,0.000854621622261063,"Ddit3/Atf3/Cebpb/Atf4/Sesn2/Trp53",6
"GO:0030183","B cell differentiation","13/498","149/23210",2.06098903374571e-05,0.0011514358856728,0.000892289045052477,"Ahr/Zfp36l1/Adam17/Nfam1/Mmp14/Tnfaip3/Mir18/Myb/Adgrg3/Mir19a/Zfp36l2/Dnajb9/Trp53",13
"GO:0006469","negative regulation of protein kinase activity","15/498","194/23210",2.07193475827048e-05,0.0011514358856728,0.000892289045052477,"Gadd45a/Chordc1/Dusp5/Bmp4/Cdkn1a/Trib1/Dusp1/Rgs2/Spry4/Hexim1/Tnfaip3/Adipoq/Shb/Dusp8/Spry1",15
"GO:0022409","positive regulation of cell-cell adhesion","17/498","242/23210",2.07538771528104e-05,0.0011514358856728,0.000892289045052477,"Zbtb16/Nfkbiz/Icos/Ptafr/Hlx/Hsp90aa1/Hsph1/Hspd1/Cd46/Icam1/Myb/Ptpn23/Hes1/Rela/Shb/Cd80/Il15",17
"GO:0009991","response to extracellular stimulus","23/498","401/23210",2.15552846734728e-05,0.00118056636057789,0.000914863296870065,"Pim1/Jun/Cpeb4/Ddit3/Fos/Cdkn1a/Atf3/Noct/Zfp36/Slc25a25/Rmi1/Prkcg/Hlcs/Atf4/Hspa5/Dapl1/Spp1/Cckar/Fosl1/Cd68/Sesn2/Srf/Trp53",23
"GO:0000079","regulation of cyclin-dependent protein serine/threonine kinase activity","9/498","72/23210",2.30073219976727e-05,0.00122859099467572,0.000952079311614219,"Ccnl1/Pim1/Ccnd1/Cdkn1a/Ccnjl/Adam17/Hexim1/Tnfaip3/Ccnyl1",9
"GO:0097755","positive regulation of blood vessel diameter","9/498","72/23210",2.30073219976727e-05,0.00122859099467572,0.000952079311614219,"Adm/Ahr/Dusp5/Rgs2/Gch1/Ptafr/Mmp2/Gja1/Cftr",9
"GO:0070371","ERK1 and ERK2 cascade","20/498","323/23210",2.51619536445069e-05,0.00132706007369548,0.00102838653946685,"Ccl3/Jun/Bmp4/Myc/Epha2/Zfp36l1/Atf3/Dusp1/Lif/Ccr1/Ccn1/Spry4/Gpnmb/Adam17/Glipr2/Icam1/Tff2/Adipoq/Zfp36l2/Spry1",20
"GO:0046683","response to organophosphorus","10/498","91/23210",2.5670443889868e-05,0.00133736751582336,0.00103637414677323,"Ahr/Jun/Zfp36l1/Junb/Per1/Mat2a/Jund/Adipoq/Cdk2/Cftr",10
"GO:0007346","regulation of mitotic cell cycle","26/498","493/23210",2.71534320451877e-05,0.00139758387586797,0.00108303796806741,"Btg2/Nabp1/Gadd45a/Bmp4/Ovol1/Myc/Ccnd1/Cdkn1a/Zfp36l1/Nek2/Plk3/Gpnmb/Adam17/Ints13/Wee1/Ddx3x/Hes1/Shb/Adamts1/Zfp36l2/Hspa1a/Senp2/Ddias/Cdk2/Trp53/Zc3h12d",26
"GO:0001933","negative regulation of protein phosphorylation","23/498","408/23210",2.82627434402888e-05,0.00143736238067755,0.0011138637608986,"Gadd45a/Chordc1/Jun/Ppp1r15a/Dusp5/Bmp4/Cdkn1a/Trib1/Atf3/Dusp1/Lif/Rgs2/Spry4/Per1/Socs3/Hsph1/Hexim1/Tnfaip3/Smad6/Adipoq/Shb/Dusp8/Spry1",23
"GO:0050727","regulation of inflammatory response","21/498","354/23210",2.99124400796251e-05,0.00147123901057879,0.00114011597877742,"Ccl3/Serpine1/Nfkbiz/Ptgs2/Zfp36/C2cd4b/Tmem173/Per1/Cebpb/Socs3/Nr1d2/Hspd1/Tnfaip3/Cd46/Clock/Tff2/Adipoq/Rela/Pik3ap1/Mmp8/Ptgis",21
"GO:0060712","spongiotrophoblast layer development","5/498","18/23210",3.03064215662297e-05,0.00147123901057879,0.00114011597877742,"Adm/Zfp36l1/Lif/Socs3/Senp2",5
"GO:1900153","positive regulation of nuclear-transcribed mRNA catabolic process, deadenylation-dependent decay","5/498","18/23210",3.03064215662297e-05,0.00147123901057879,0.00114011597877742,"Btg2/Zfp36l1/Zfp36/Zfp36l2/Tob1",5
"GO:2000810","regulation of bicellular tight junction assembly","5/498","18/23210",3.03064215662297e-05,0.00147123901057879,0.00114011597877742,"Epha2/Snai1/Cldn1/Fzd5/Gja1",5
"GO:0031331","positive regulation of cellular catabolic process","21/498","355/23210",3.11723029618523e-05,0.00149627054216891,0.00115951381212331,"Btg2/Bag3/Myc/Zfand2a/Ddit3/Zfp36l1/Trib1/Zfp36/Tmem173/Plk3/Hsp90aa1/Tnfaip3/Irgm2/Hk2/Zfp36l2/Prickle1/Tob1/Hspa1a/Entpd5/Sesn2/Zc3h12d",21
"GO:0060541","respiratory system development","17/498","251/23210",3.30549144642677e-05,0.00156900660657057,0.00121587960222365,"Bmp4/Tcf21/Numb/Lif/Mgp/Fendrr/Mmp14/Mir18/Hes1/Stk40/Mir19a/Sfta3-ps/Hydin/Srf/Spry1/Dnaaf1/Cftr",17
"GO:0001659","temperature homeostasis","14/498","179/23210",3.42140969542928e-05,0.00160618266141471,0.00124468866305669,"Arntl/Ptgs2/Ddit3/Egr1/Cebpb/Adam17/Il18r1/Tle3/Adipoq/Atf4/Gja1/Cckar/Lepr/Il15",14
"GO:0050863","regulation of T cell activation","19/498","304/23210",3.51597532957929e-05,0.00163263550086552,0.001265187918939,"Bmp4/Zbtb16/Nfkbiz/Icos/Cd209a/Hlx/Cebpb/Gpnmb/Hsp90aa1/Hsph1/Hspd1/Cd46/Myb/Hes1/Shb/Cd80/Fgl2/Il15/Zc3h12d",19
"GO:1904029","regulation of cyclin-dependent protein kinase activity","9/498","76/23210",3.570236582442e-05,0.00164000544948303,0.00127089915696436,"Ccnl1/Pim1/Ccnd1/Cdkn1a/Ccnjl/Adam17/Hexim1/Tnfaip3/Ccnyl1",9
"GO:0003007","heart morphogenesis","18/498","280/23210",3.894360940761e-05,0.00176986275946074,0.00137153025293319,"Ahr/Pim1/Jun/Bmp4/Snai1/Ccn1/Thbs1/Mir18/Smad6/Tbx3/Hes1/Mir19a/Gja1/Adamts1/Tbx6/Srf/Trp53/Dnaaf1",18
"GO:0045619","regulation of lymphocyte differentiation","14/498","182/23210",4.10927995701599e-05,0.00184787831330235,0.00143198730912081,"Bmp4/Zbtb16/Nfkbiz/Zfp36l1/Hlx/Hsp90aa1/Nfam1/Mmp14/Cd46/Myb/Shb/Zfp36l2/Fgl2/Il15",14
"GO:0031214","biomineral tissue development","13/498","160/23210",4.36691109836769e-05,0.00194327543877362,0.00150591396977701,"Bmp4/Tuft1/Aspn/Ptgs2/Ccr1/Ccn1/Col1a2/Mgp/Cebpb/Atf4/Gja1/Spp1/Phex",13
"GO:0007498","mesoderm development","11/498","117/23210",4.45624134509444e-05,0.0019625838171385,0.00152087672602518,"Bmp4/Ovol1/Epha2/Zfp36l1/Snai1/Fendrr/Tbx3/Tbx6/Srf/Scx/Ets2",11
"GO:0043525","positive regulation of neuron apoptotic process","9/498","79/23210",4.87310968917428e-05,0.0021242780196074,0.00164617937405511,"Ccl3/Jun/Fasl/Ddit3/Egr1/Mcl1/Atf4/Trp53/Map2k4",9
"GO:0007517","muscle organ development","23/498","424/23210",5.11326137443385e-05,0.0022064497567254,0.00170985720601749,"Arntl/Nr4a1/Btg2/Pim1/Bmp4/Tcf21/Myc/Fos/Egr1/Atf3/Lif/Rgs2/Homer1/Hlx/Rcan1/Nr1d2/Hlf/Egr2/Gja1/Mir669a-3/Col3a1/Col14a1/Scx",23
"GO:0046697","decidualization","5/498","20/23210",5.29281736472382e-05,0.00223870453288121,0.0017348525911471,"Ptgs2/Il11ra1/Lif/Junb/Ptgis",5
"GO:1900151","regulation of nuclear-transcribed mRNA catabolic process, deadenylation-dependent decay","5/498","20/23210",5.29281736472382e-05,0.00223870453288121,0.0017348525911471,"Btg2/Zfp36l1/Zfp36/Zfp36l2/Tob1",5
"GO:0034976","response to endoplasmic reticulum stress","16/498","237/23210",5.8175560507375e-05,0.0024223318246572,0.00187715197825421,"Jun/Ppp1r15a/Ccnd1/Ddit3/Chac1/Atf3/Cebpb/Pdia2/Thbs1/Atf4/Hspa5/Ern1/Sesn2/Dnajb9/Trp53/Cftr",16
"GO:0007622","rhythmic behavior","8/498","63/23210",5.8403599704984e-05,0.0024223318246572,0.00187715197825421,"Egr1/Per3/Nr1d2/Npas2/Egr2/Lepr/Ciart/Trp53",8
"GO:0001889","liver development","11/498","121/23210",6.07327965418104e-05,0.00249168842533706,0.00193089890047434,"Ahr/Jun/Bmp4/Ccnd1/Hlx/Cebpb/Tnfaip3/Lims2/Hes1/Rela/Dnaaf1",11
"GO:2000322","regulation of glucocorticoid receptor signaling pathway","4/498","11/23210",6.13040278081853e-05,0.00249168842533706,0.00193089890047434,"Arntl/Per1/Clock/Cry2",4
"GO:0043523","regulation of neuron apoptotic process","17/498","264/23210",6.21677458506099e-05,0.00249168842533706,0.00193089890047434,"Foxq1/Btg2/Ccl3/Tox3/Jun/Fasl/Cpeb4/Ddit3/Egr1/Mcl1/Cebpb/Hsph1/Hspd1/Prkcg/Atf4/Trp53/Map2k4",17
"GO:0072073","kidney epithelium development","12/498","143/23210",6.24088627132644e-05,0.00249168842533706,0.00193089890047434,"Bmp4/Tcf21/Myc/Myo1e/Lif/Klf15/Smad6/Wnk4/Adipoq/Hes1/Prom1/Spry1",12
"GO:0042310","vasoconstriction","10/498","101/23210",6.34183098017098e-05,0.00250854647660097,0.00194396281019861,"Adm/Ahr/Dusp5/Ptgs2/Ptafr/Avpr1a/Smad6/Icam1/Mmp2/Gja1",10
"GO:0034620","cellular response to unfolded protein","9/498","82/23210",6.55615889721439e-05,0.00256953310173393,0.0019912235375895,"Ppp1r15a/Bag3/Ccnd1/Ddit3/Atf3/Atf4/Hspa5/Ern1/Hspa1a",9
"GO:0061008","hepaticobiliary system development","11/498","124/23210",7.59482643115218e-05,0.00293768861051227,0.00227652047113668,"Ahr/Jun/Bmp4/Ccnd1/Hlx/Cebpb/Tnfaip3/Lims2/Hes1/Rela/Dnaaf1",11
"GO:0072006","nephron development","12/498","146/23210",7.6330392267524e-05,0.00293768861051227,0.00227652047113668,"Ahr/Bmp4/Tcf21/Myc/Egr1/Myo1e/Lif/Klf15/Wnk4/Adipoq/Hes1/Prom1",12
"GO:0002285","lymphocyte activation involved in immune response","14/498","193/23210",7.77619395561588e-05,0.00296606255164206,0.00229850845774548,"Nfkbiz/Slamf6/Clec4e/Clec4d/Hlx/Hspd1/Tnfaip3/Cd46/Il18r1/Icam1/Myb/Shb/Fgl2/Trp53",14
"GO:0030324","lung development","15/498","219/23210",8.36586909353856e-05,0.00316274272279617,0.00245092299014241,"Bmp4/Tcf21/Numb/Lif/Mgp/Mmp14/Mir18/Hes1/Stk40/Mir19a/Sfta3-ps/Srf/Spry1/Dnaaf1/Cftr",15
"GO:0072215","regulation of metanephros development","5/498","22/23210",8.67688348337479e-05,0.00325154791587519,0.0025197413255045,"Bmp4/Myc/Egr1/Lif/Adipoq",5
"GO:0097201","negative regulation of transcription from RNA polymerase II promoter in response to stress","4/498","12/23210",9.03976367409401e-05,0.00333570247141961,0.00258495571471877,"Dnajb1/Jun/Ppp1r15a/Bag3",4
"GO:0051084","'de novo' posttranslational protein folding","6/498","35/23210",9.05761907033414e-05,0.00333570247141961,0.00258495571471877,"Dnajb1/Hsph1/Hspe1/Hspa5/Hspa1a/Entpd5",6
"GO:0035296","regulation of tube diameter","13/498","173/23210",9.74348051177877e-05,0.00346871198921572,0.00268802956980176,"Adm/Ahr/Dusp5/Ptgs2/Rgs2/Gch1/Ptafr/Avpr1a/Smad6/Icam1/Mmp2/Gja1/Cftr",13
"GO:0050880","regulation of blood vessel size","13/498","173/23210",9.74348051177877e-05,0.00346871198921572,0.00268802956980176,"Adm/Ahr/Dusp5/Ptgs2/Rgs2/Gch1/Ptafr/Avpr1a/Smad6/Icam1/Mmp2/Gja1/Cftr",13
"GO:0097746","regulation of blood vessel diameter","13/498","173/23210",9.74348051177877e-05,0.00346871198921572,0.00268802956980176,"Adm/Ahr/Dusp5/Ptgs2/Rgs2/Gch1/Ptafr/Avpr1a/Smad6/Icam1/Mmp2/Gja1/Cftr",13
"GO:0030323","respiratory tube development","15/498","222/23210",9.74357300341495e-05,0.00346871198921572,0.00268802956980176,"Bmp4/Tcf21/Numb/Lif/Mgp/Mmp14/Mir18/Hes1/Stk40/Mir19a/Sfta3-ps/Srf/Spry1/Dnaaf1/Cftr",15
"GO:1902806","regulation of cell cycle G1/S phase transition","11/498","128/23210",0.000101224692296762,0.00356448780606716,0.00276224969201686,"Ccnd1/Cdkn1a/Plk3/Gpnmb/Adam17/Ddx3x/Adamts1/Senp2/Susd2/Trp53/Zc3h12d",11
"GO:0035150","regulation of tube size","13/498","174/23210",0.00010328565213523,0.00356448780606716,0.00276224969201686,"Adm/Ahr/Dusp5/Ptgs2/Rgs2/Gch1/Ptafr/Avpr1a/Smad6/Icam1/Mmp2/Gja1/Cftr",13
"GO:0014074","response to purine-containing compound","10/498","107/23210",0.000103463597367118,0.00356448780606716,0.00276224969201686,"Ahr/Jun/Zfp36l1/Junb/Per1/Mat2a/Jund/Adipoq/Cdk2/Cftr",10
"GO:0097756","negative regulation of blood vessel diameter","10/498","107/23210",0.000103463597367118,0.00356448780606716,0.00276224969201686,"Adm/Ahr/Dusp5/Ptgs2/Ptafr/Avpr1a/Smad6/Icam1/Mmp2/Gja1",10
"GO:0001649","osteoblast differentiation","14/498","199/23210",0.000107845447718746,0.00368572602123586,0.00285620154168805,"Ahr/Bmp4/Epha2/Ccn1/Noct/Junb/Gdf10/Cebpb/Smad6/Jund/Gja1/Spp1/Tob1/Clec5a",14
"GO:0043407","negative regulation of MAP kinase activity","8/498","69/23210",0.000112705720589136,0.00382126062187928,0.00296123217420913,"Dusp5/Bmp4/Dusp1/Rgs2/Spry4/Adipoq/Dusp8/Spry1",8
"GO:0072009","nephron epithelium development","10/498","109/23210",0.000120851277654838,0.004065170536547,0.00315024673207183,"Bmp4/Tcf21/Myc/Myo1e/Lif/Klf15/Wnk4/Adipoq/Hes1/Prom1",10
"GO:0035850","epithelial cell differentiation involved in kidney development","6/498","37/23210",0.000125106241873064,0.00414305321923821,0.00321060082163024,"Bmp4/Myo1e/Lif/Klf15/Adipoq/Prom1",6
"GO:0060674","placenta blood vessel development","6/498","37/23210",0.000125106241873064,0.00414305321923821,0.00321060082163024,"Ccn1/Junb/Fzd5/Socs3/Hes1/Fosl1",6
"GO:0045906","negative regulation of vasoconstriction","4/498","13/23210",0.000128363053139438,0.0041811060886532,0.00324008935758287,"Adm/Ahr/Dusp5/Mmp2",4
"GO:0072216","positive regulation of metanephros development","4/498","13/23210",0.000128363053139438,0.0041811060886532,0.00324008935758287,"Myc/Egr1/Lif/Adipoq",4
"GO:0009896","positive regulation of catabolic process","22/498","422/23210",0.000131417826573326,0.0041811060886532,0.00324008935758287,"Btg2/Bag3/Myc/Zfand2a/Ddit3/Zfp36l1/Trib1/Zfp36/Tmem173/Plk3/Hsp90aa1/Tnfaip3/Irgm2/Hk2/Gja1/Zfp36l2/Prickle1/Tob1/Hspa1a/Entpd5/Sesn2/Zc3h12d",22
"GO:0009948","anterior/posterior axis specification","7/498","53/23210",0.000131758906659152,0.0041811060886532,0.00324008935758287,"Bmp4/Ddit3/Fzd5/Tbx3/Tbx6/Srf/Ets2",7
"GO:0048662","negative regulation of smooth muscle cell proliferation","7/498","53/23210",0.000131758906659152,0.0041811060886532,0.00324008935758287,"Cdkn1a/Trib1/Tnfaip3/Vipr2/Adipoq/Il15/Trp53",7
"GO:0001822","kidney development","17/498","281/23210",0.000133026995270364,0.0041811060886532,0.00324008935758287,"Ahr/Bmp4/Zbtb16/Ovol1/Tcf21/Myc/Egr1/Myo1e/Lif/Klf15/Smad6/Wnk4/Adipoq/Hes1/Prom1/Adamts1/Spry1",17
"GO:0003018","vascular process in circulatory system","14/498","203/23210",0.00013310637360881,0.0041811060886532,0.00324008935758287,"Adm/Ahr/Dusp5/Ptgs2/Rgs2/C2cd4b/Gch1/Ptafr/Avpr1a/Smad6/Icam1/Mmp2/Gja1/Cftr",14
"GO:0071774","response to fibroblast growth factor","9/498","90/23210",0.000135848819471387,0.00420540693320119,0.00325892095528231,"Nr4a1/Ier2/Zfp36l1/Zfp36/Spry4/Thbs1/Flrt3/Zfp36l2/Spry1",9
"GO:1903524","positive regulation of blood circulation","9/498","90/23210",0.000135848819471387,0.00420540693320119,0.00325892095528231,"Adm/Ptgs2/Rgs2/Gch1/Ptafr/Avpr1a/Smad6/Icam1/Gja1",9
"GO:0071560","cellular response to transforming growth factor beta stimulus","14/498","204/23210",0.000140169019482092,0.00430792842609711,0.00333836854427248,"Serpine1/Jun/Aspn/Fos/Zfp36l1/Col1a2/Adam17/Thbs1/Smad6/Hspa5/Zfp36l2/Col3a1/Scx/Trp53",14
"GO:0009314","response to radiation","21/498","395/23210",0.000141975144322328,0.00433227011817847,0.0033572317961934,"Nabp1/Gadd45a/Jun/Myc/Sgk1/Ccnd1/Egr1/Cdkn1a/Junb/Per3/Plk3/Per1/Jund/Clock/Rela/Rp1/Col3a1/Cry2/Ddias/Sde2/Trp53",21
"GO:0072210","metanephric nephron development","6/498","38/23210",0.000145894574158455,0.00442029518301361,0.00342544558214513,"Bmp4/Tcf21/Egr1/Lif/Adipoq/Hes1",6
"GO:0009798","axis specification","9/498","91/23210",0.000147941568010821,0.00443978508959541,0.00344054901113187,"Bmp4/Ddit3/Fzd5/Smad6/Tbx3/Senp2/Tbx6/Srf/Ets2",9
"GO:0043297","apical junction assembly","7/498","54/23210",0.000148616401641419,0.00443978508959541,0.00344054901113187,"Epha2/Snai1/Cldn1/Fzd5/Vcl/Gja1/Srf",7
"GO:1901214","regulation of neuron death","20/498","368/23210",0.000151882022277461,0.0044984433046573,0.00348600536988646,"Foxq1/Btg2/Ccl3/Tox3/Jun/Fasl/Cpeb4/Ddit3/Fos/Egr1/Mcl1/Cebpb/Gpnmb/Hsph1/Hspd1/Prkcg/Atf4/Rel/Trp53/Map2k4",20
"GO:0046631","alpha-beta T cell activation","12/498","157/23210",0.000152685926773246,0.0044984433046573,0.00348600536988646,"Zbtb16/Nfkbiz/Slamf6/Hlx/Cebpb/Hsph1/Bcl11b/Il18r1/Myb/Shb/Cd80/Il15",12
"GO:1903707","negative regulation of hemopoiesis","12/498","158/23210",0.000162087863950874,0.00473148868505936,0.00366660060972593,"Bmp4/Zbtb16/Myc/Zfp36l1/Trib1/Zfp36/Hlx/Adipoq/Hes1/Leo1/H4c9/Fgl2",12
"GO:0045598","regulation of fat cell differentiation","11/498","135/23210",0.000162811057280835,0.00473148868505936,0.00366660060972593,"Arntl/Zbtb16/Ptgs2/Ddit3/Zfp36l1/Noct/Zfp36/Cebpb/Adipoq/Hes1/Zfp36l2",11
"GO:0045930","negative regulation of mitotic cell cycle","15/498","233/23210",0.000166314731710252,0.00480065225585268,0.00372019794615038,"Btg2/Nabp1/Gadd45a/Bmp4/Ovol1/Ccnd1/Cdkn1a/Zfp36l1/Plk3/Gpnmb/Wee1/Zfp36l2/Ddias/Trp53/Zc3h12d",15
"GO:0031667","response to nutrient levels","20/498","371/23210",0.00016915961118896,0.00484999905368617,0.0037584385530857,"Pim1/Jun/Cpeb4/Ddit3/Cdkn1a/Atf3/Zfp36/Slc25a25/Rmi1/Prkcg/Hlcs/Atf4/Hspa5/Dapl1/Spp1/Cckar/Cd68/Sesn2/Srf/Trp53",20
"GO:0071559","response to transforming growth factor beta","14/498","208/23210",0.000171762526216454,0.00489179674664461,0.00379082908737367,"Serpine1/Jun/Aspn/Fos/Zfp36l1/Col1a2/Adam17/Thbs1/Smad6/Hspa5/Zfp36l2/Col3a1/Scx/Trp53",14
"GO:2000045","regulation of G1/S transition of mitotic cell cycle","10/498","114/23210",0.00017542409155063,0.00493282078508131,0.0038226200889712,"Ccnd1/Cdkn1a/Plk3/Gpnmb/Adam17/Ddx3x/Adamts1/Senp2/Trp53/Zc3h12d",10
"GO:0042921","glucocorticoid receptor signaling pathway","4/498","14/23210",0.000176667036544345,0.00493282078508131,0.0038226200889712,"Arntl/Per1/Clock/Cry2",4
"GO:0071850","mitotic cell cycle arrest","4/498","14/23210",0.000176667036544345,0.00493282078508131,0.0038226200889712,"Gadd45a/Cdkn1a/Ddias/Trp53",4
"GO:0044843","cell cycle G1/S phase transition","13/498","185/23210",0.000190532181034781,0.00528541219078301,0.00409585583974289,"Ccnd1/Cdkn1a/Plk3/Gpnmb/Adam17/Myb/Ddx3x/Adamts1/Senp2/Susd2/Cdk2/Trp53/Zc3h12d",13
"GO:0007050","cell cycle arrest","11/498","138/23210",0.000197614923898973,0.00544652228965428,0.00422070584490506,"Gadd45a/Myc/Ccnd1/Ddit3/Cdkn1a/Thbs1/Ern1/Ak1/Ddias/Sde2/Trp53",11
"GO:0050870","positive regulation of T cell activation","13/498","187/23210",0.00021181535022054,0.00580048189834708,0.00449500186534141,"Zbtb16/Nfkbiz/Icos/Hlx/Hsp90aa1/Hsph1/Hspd1/Cd46/Myb/Hes1/Shb/Cd80/Il15",13
"GO:0051402","neuron apoptotic process","17/498","293/23210",0.000218654870845734,0.00592914410051574,0.0045947068293224,"Foxq1/Btg2/Ccl3/Tox3/Jun/Fasl/Cpeb4/Ddit3/Egr1/Mcl1/Cebpb/Hsph1/Hspd1/Prkcg/Atf4/Trp53/Map2k4",17
"GO:1903522","regulation of blood circulation","15/498","239/23210",0.000219289505590236,0.00592914410051574,0.0045947068293224,"Adm/Ahr/Hbegf/Dusp5/Ptgs2/Kcnj2/Rgs2/Gch1/Ptafr/Kcne4/Avpr1a/Smad6/Icam1/Mmp2/Gja1",15
"GO:0031958","corticosteroid receptor signaling pathway","4/498","15/23210",0.000236835554774819,0.00636327981130834,0.00493113419243168,"Arntl/Per1/Clock/Cry2",4
"GO:0045637","regulation of myeloid cell differentiation","14/498","215/23210",0.000241951851648611,0.00640217479253688,0.0049612753110902,"Ccl3/Jun/Zbtb16/Myc/Fos/Zfp36l1/Trib1/Lif/Ccr1/Zfp36/Cebpb/Adipoq/Leo1/H4c9",14
"GO:0048745","smooth muscle tissue development","5/498","27/23210",0.00024347898554373,0.00640217479253688,0.0049612753110902,"Ahr/Bmp4/Zfand5/Col3a1/Srf",5
"GO:0060713","labyrinthine layer morphogenesis","5/498","27/23210",0.00024347898554373,0.00640217479253688,0.0049612753110902,"Adm/Zfp36l1/Ccn1/Fzd5/Socs3",5
"GO:0071277","cellular response to calcium ion","8/498","77/23210",0.00024427773670026,0.00640217479253688,0.0049612753110902,"Fosb/Jun/Fos/Cpne2/Junb/Jund/Syt10/Spag16",8
"GO:2000278","regulation of DNA biosynthetic process","10/498","119/23210",0.000249391751749532,0.00645268746439008,0.00500041939569949,"Ahr/Myc/Cdkn1a/Dusp1/Nek2/Hsp90aa1/Parm1/Adipoq/Gja1/Trp53",10
"GO:0106106","cold-induced thermogenesis","11/498","142/23210",0.000253658699734546,0.00645268746439008,0.00500041939569949,"Arntl/Ddit3/Cebpb/Adam17/Il18r1/Tle3/Adipoq/Atf4/Gja1/Lepr/Il15",11
"GO:0120161","regulation of cold-induced thermogenesis","11/498","142/23210",0.000253658699734546,0.00645268746439008,0.00500041939569949,"Arntl/Ddit3/Cebpb/Adam17/Il18r1/Tle3/Adipoq/Atf4/Gja1/Lepr/Il15",11
"GO:0002573","myeloid leukocyte differentiation","14/498","216/23210",0.000253757372195115,0.00645268746439008,0.00500041939569949,"Ccl3/Jun/Bmp4/Myc/Epha2/Fos/Zfp36l1/Trib1/Lif/Ccr1/Junb/Cebpb/Adipoq/Il15",14
"GO:0048545","response to steroid hormone","14/498","216/23210",0.000253757372195115,0.00645268746439008,0.00500041939569949,"Arntl/Bmp4/Acr/Tcf21/Sgk1/Zfp36l1/Zfp36/Per1/Clock/Idh1/Zfp36l2/Spp1/Npc1/Cry2",14
"GO:0042594","response to starvation","12/498","166/23210",0.000256780681991845,0.0064909294288116,0.00503005446816787,"Jun/Cpeb4/Ddit3/Cdkn1a/Atf3/Zfp36/Atf4/Hspa5/Dapl1/Cckar/Sesn2/Trp53",12
"GO:1901216","positive regulation of neuron death","10/498","120/23210",0.000266947327671197,0.00670822931653737,0.00519844795991278,"Ccl3/Jun/Fasl/Ddit3/Fos/Egr1/Mcl1/Atf4/Trp53/Map2k4",10
"GO:0072001","renal system development","17/498","302/23210",0.000311185806521279,0.00775412524001793,0.00600895029564765,"Ahr/Bmp4/Zbtb16/Ovol1/Tcf21/Myc/Egr1/Myo1e/Lif/Klf15/Smad6/Wnk4/Adipoq/Hes1/Prom1/Adamts1/Spry1",17
"GO:0010506","regulation of autophagy","15/498","247/23210",0.00031219792633031,0.00775412524001793,0.00600895029564765,"Bag3/Ddit3/Tmem173/Mcl1/Plk3/Tnfaip3/Tpcn2/Irgm2/Hk2/Dapl1/Usp36/Npc1/Lepr/Sesn2/Trp53",15
"GO:0061138","morphogenesis of a branching epithelium","14/498","221/23210",0.00032049908851321,0.00790120097802778,0.00612292457024871,"Adm/Ahr/Bmp4/Tcf21/Myc/Epha2/Mgp/Fzd5/Socs3/Mmp14/Tbx3/Etv5/Srf/Spry1",14
"GO:0048512","circadian behavior","7/498","61/23210",0.000321818579161244,0.00790120097802778,0.00612292457024871,"Egr1/Per3/Nr1d2/Npas2/Lepr/Ciart/Trp53",7
"GO:0070830","bicellular tight junction assembly","6/498","44/23210",0.000334653527947908,0.00813707064248851,0.00630570844929686,"Epha2/Snai1/Cldn1/Fzd5/Gja1/Srf",6
"GO:0000082","G1/S transition of mitotic cell cycle","12/498","171/23210",0.000337139865103105,0.00813707064248851,0.00630570844929686,"Ccnd1/Cdkn1a/Plk3/Gpnmb/Adam17/Myb/Ddx3x/Adamts1/Senp2/Cdk2/Trp53/Zc3h12d",12
"GO:0043409","negative regulation of MAPK cascade","12/498","171/23210",0.000337139865103105,0.00813707064248851,0.00630570844929686,"Dusp5/Bmp4/Atf3/Dusp1/Lif/Rgs2/Spry4/Per1/Hsph1/Adipoq/Dusp8/Spry1",12
"GO:0031668","cellular response to extracellular stimulus","14/498","223/23210",0.00035112495453008,0.00842699890872193,0.00653038428147311,"Pim1/Jun/Cpeb4/Fos/Cdkn1a/Atf3/Atf4/Hspa5/Dapl1/Fosl1/Cd68/Sesn2/Srf/Trp53",14
"GO:0030858","positive regulation of epithelial cell differentiation","7/498","62/23210",0.000356165387163812,0.00850021527354081,0.00658712227362652,"Serpine1/Bmp4/Numb/Lif/Adipoq/Prom1/Cftr",7
"GO:0070372","regulation of ERK1 and ERK2 cascade","17/498","306/23210",0.000362162906898006,0.00855675160579121,0.0066309343091399,"Ccl3/Jun/Bmp4/Epha2/Atf3/Dusp1/Lif/Ccr1/Ccn1/Spry4/Gpnmb/Adam17/Glipr2/Icam1/Tff2/Adipoq/Spry1",17
"GO:0003206","cardiac chamber morphogenesis","11/498","148/23210",0.000362540271687315,0.00855675160579121,0.0066309343091399,"Ahr/Bmp4/Ccn1/Mir18/Smad6/Tbx3/Hes1/Mir19a/Adamts1/Srf/Trp53",11
"GO:0002761","regulation of myeloid leukocyte differentiation","10/498","125/23210",0.000371008355247808,0.00870850381109141,0.00674853254629471,"Ccl3/Jun/Myc/Fos/Zfp36l1/Trib1/Lif/Ccr1/Cebpb/Adipoq",10
"GO:0035967","cellular response to topologically incorrect protein","9/498","103/23210",0.000377875412820364,0.00875692788649307,0.00678605810245927,"Ppp1r15a/Bag3/Ccnd1/Ddit3/Atf3/Atf4/Hspa5/Ern1/Hspa1a",9
"GO:0090184","positive regulation of kidney development","6/498","45/23210",0.000379220893960959,0.00875692788649307,0.00678605810245927,"Bmp4/Myc/Egr1/Lif/Adipoq/Prom1",6
"GO:0120192","tight junction assembly","6/498","45/23210",0.000379220893960959,0.00875692788649307,0.00678605810245927,"Epha2/Snai1/Cldn1/Fzd5/Gja1/Srf",6
"GO:0061158","3'-UTR-mediated mRNA destabilization","4/498","17/23210",0.000399110319680426,0.00916666282620849,0.00710357643121075,"Zfp36l1/Zfp36/Zfp36l2/Zc3h12d",4
"GO:2000377","regulation of reactive oxygen species metabolic process","13/498","200/23210",0.000406265617642997,0.00926252870977277,0.00717786634935821,"Gadd45a/Ptgs2/Cdkn1a/Gch1/Hsp90aa1/Hspd1/Dynll1/Thbs1/Icam1/Hk2/Mmp8/Ptgis/Trp53",13
"GO:0051085","chaperone cofactor-dependent protein refolding","5/498","30/23210",0.000407620645467528,0.00926252870977277,0.00717786634935821,"Dnajb1/Hsph1/Hspe1/Hspa5/Hspa1a",5
"GO:0051592","response to calcium ion","10/498","127/23210",0.000421157475805991,0.00951949596107511,0.00737699950659896,"Fosb/Jun/Fos/Homer1/Cpne2/Junb/Thbs1/Jund/Syt10/Spag16",10
"GO:0002763","positive regulation of myeloid leukocyte differentiation","7/498","64/23210",0.000433651119650997,0.00969925436203696,0.00751630075118427,"Ccl3/Jun/Fos/Zfp36l1/Trib1/Lif/Ccr1",7
"GO:1902807","negative regulation of cell cycle G1/S phase transition","7/498","64/23210",0.000433651119650997,0.00969925436203696,0.00751630075118427,"Ccnd1/Cdkn1a/Plk3/Gpnmb/Susd2/Trp53/Zc3h12d",7
"GO:0097191","extrinsic apoptotic signaling pathway","14/498","229/23210",0.000458469099326212,0.0101580013285468,0.00787180026076278,"Serpine1/Siah2/Bmp4/Bag3/Fasl/Atf3/Mcl1/Tnfaip3/Thbs1/Icam1/Ddx3x/Dedd2/Rela/Tnfrsf10b",14
"GO:0044262","cellular carbohydrate metabolic process","16/498","284/23210",0.000458917194852418,0.0101580013285468,0.00787180026076278,"Pcdh12/Ppp1r3c/Plek/Ptafr/Pdk1/Midn/Abhd10/Idh1/Adipoq/Pfkfb1/Stk40/Hk2/Lepr/Sesn2/Trp53/Ppp1r3a",16
"GO:0071496","cellular response to external stimulus","16/498","285/23210",0.00047684285948826,0.010299425413321,0.00798139486617743,"Pim1/Jun/Bag3/Cpeb4/Fos/Cdkn1a/Atf3/Atf4/Hspa5/Dapl1/Fosl1/Cd68/Sesn2/Srf/Scx/Trp53",16
"GO:0030968","endoplasmic reticulum unfolded protein response","7/498","65/23210",0.000477139505883504,0.010299425413321,0.00798139486617743,"Ppp1r15a/Ccnd1/Ddit3/Atf3/Atf4/Hspa5/Ern1",7
"GO:0001893","maternal placenta development","5/498","31/23210",0.000477512672104527,0.010299425413321,0.00798139486617743,"Ptgs2/Il11ra1/Lif/Junb/Ptgis",5
"GO:0061036","positive regulation of cartilage development","5/498","31/23210",0.000477512672104527,0.010299425413321,0.00798139486617743,"Bmp4/Zbtb16/Ccn1/Rela/Scx",5
"GO:2000144","positive regulation of DNA-templated transcription, initiation","5/498","31/23210",0.000477512672104527,0.010299425413321,0.00798139486617743,"Ahr/Jun/Fosl1/Srf/Trp53",5
"GO:0006457","protein folding","11/498","153/23210",0.000481039394748837,0.010299425413321,0.00798139486617743,"Dnajb1/Chordc1/Hsp90aa1/Hsph1/Hspd1/Pdia2/Hspe1/Hspa5/Hspa1a/Entpd5/Tbcel",11
"GO:0045907","positive regulation of vasoconstriction","6/498","47/23210",0.000482182837702293,0.010299425413321,0.00798139486617743,"Ptgs2/Ptafr/Avpr1a/Smad6/Icam1/Gja1",6
"GO:0060707","trophoblast giant cell differentiation","4/498","18/23210",0.000504482861998768,0.0107221432162126,0.00830897408214782,"Lif/Snai1/Socs3/Senp2",4
"GO:0060411","cardiac septum morphogenesis","8/498","86/23210",0.000520898848697704,0.0110162370378049,0.00853687795286232,"Bmp4/Ccn1/Mir18/Smad6/Tbx3/Hes1/Mir19a/Trp53",8
"GO:0070997","neuron death","20/498","405/23210",0.000523932477918884,0.0110258105698004,0.00854429682683375,"Foxq1/Btg2/Ccl3/Tox3/Jun/Fasl/Cpeb4/Ddit3/Fos/Egr1/Mcl1/Cebpb/Gpnmb/Hsph1/Hspd1/Prkcg/Atf4/Rel/Trp53/Map2k4",20
"GO:0045621","positive regulation of lymphocyte differentiation","9/498","108/23210",0.000536077858972414,0.011204054661408,0.00868242457868329,"Zbtb16/Nfkbiz/Hlx/Hsp90aa1/Mmp14/Cd46/Myb/Shb/Il15",9
"GO:0001655","urogenital system development","18/498","346/23210",0.000537647754117192,0.011204054661408,0.00868242457868329,"Ahr/Bmp4/Zbtb16/Ovol1/Tcf21/Myc/Egr1/Myo1e/Lif/Klf15/Smad6/Wnk4/Mmp2/Adipoq/Hes1/Prom1/Adamts1/Spry1",18
"GO:0038066","p38MAPK cascade","6/498","48/23210",0.000541205780954501,0.0112234519234836,0.00869745621411296,"Gadd45a/Zfp36l1/Dusp1/Zfp36/Per1/Hsph1",6
"GO:0030278","regulation of ossification","14/498","233/23210",0.000544612064371599,0.0112322890463247,0.00870430441816758,"Ahr/Bmp4/Zbtb16/Ccr1/Ccn1/Noct/Mgp/Gdf10/Cebpb/Smad6/Jund/Egr2/Gja1/Tob1",14
"GO:0007389","pattern specification process","22/498","468/23210",0.000546890477910942,0.0112322890463247,0.00870430441816758,"Btg2/Bmp4/Zbtb16/Ddit3/Ripply3/Snai1/Cc2d2a/Fzd5/Wdr19/Smad6/Tbx3/Dnah5/Hes1/Egr2/Gja1/Senp2/Tbx6/Srf/Spry1/Trp53/Dnaaf1/Ets2",22
"GO:0060669","embryonic placenta morphogenesis","5/498","32/23210",0.00055605229210682,0.0113116923422873,0.00876583688559374,"Adm/Zfp36l1/Ccn1/Fzd5/Socs3",5
"GO:0060706","cell differentiation involved in embryonic placenta development","5/498","32/23210",0.00055605229210682,0.0113116923422873,0.00876583688559374,"Lif/Snai1/Fzd5/Socs3/Senp2",5
"GO:0045860","positive regulation of protein kinase activity","21/498","438/23210",0.000563367603465664,0.0113631344724558,0.00880570124085191,"Gadd45a/Pim1/Bmp4/Ccnd1/Egr1/Cdkn1a/Map3k6/Ccn1/Hsp90aa1/Fzd5/Adam17/Hsph1/Cass4/Thbs1/Irgm2/Ddx3x/Adipoq/Ern1/Ccnyl1/Map3k14/Map2k4",21
"GO:0071383","cellular response to steroid hormone stimulus","11/498","156/23210",0.000566560777769916,0.0113631344724558,0.00880570124085191,"Arntl/Bmp4/Tcf21/Sgk1/Zfp36l1/Zfp36/Per1/Clock/Zfp36l2/Npc1/Cry2",11
"GO:1990845","adaptive thermogenesis","11/498","156/23210",0.000566560777769916,0.0113631344724558,0.00880570124085191,"Arntl/Ddit3/Cebpb/Adam17/Il18r1/Tle3/Adipoq/Atf4/Gja1/Lepr/Il15",11
"GO:0032963","collagen metabolic process","9/498","109/23210",0.000573448251290997,0.0114475277080147,0.00887110059178645,"Serpine1/Mmp19/Tnxb/Bmp4/Col1a2/Mmp14/Mmp2/Mmp8/Scx",9
"GO:0033077","T cell differentiation in thymus","8/498","88/23210",0.000607969929334588,0.0120242941579507,0.00931805764014268,"Bmp4/Zfp36l1/Fzd5/Adam17/Bcl11b/Zfp36l2/Srf/Trp53",8
"GO:0044344","cellular response to fibroblast growth factor stimulus","8/498","88/23210",0.000607969929334588,0.0120242941579507,0.00931805764014268,"Nr4a1/Zfp36l1/Zfp36/Spry4/Thbs1/Flrt3/Zfp36l2/Spry1",8
"GO:0060562","epithelial tube morphogenesis","19/498","380/23210",0.000617078048554754,0.0121481908913636,0.00941406967113607,"Adm/Ahr/Bmp4/Tcf21/Myc/Epha2/Cc2d2a/Mgp/Mmp14/Tbx3/Wnk4/Hes1/Gja1/Prickle1/Etv5/Tbx6/Srf/Spry1/Dnaaf1",19
"GO:0097193","intrinsic apoptotic signaling pathway","16/498","292/23210",0.000619998547473662,0.0121496963064563,0.00941523627138903,"Myc/Epha2/Ptgs2/Ddit3/Cdkn1a/Chac1/Snai1/Mcl1/Cebpb/Hsph1/Pdk1/Ddx3x/Atf4/Ern1/Ddias/Trp53",16
"GO:0035883","enteroendocrine cell differentiation","5/498","33/23210",0.00064390265660281,0.0125605120959233,0.00973359218945367,"Arntl/Bmp4/Clock/Hes1/Cftr",5
"GO:0001656","metanephros development","8/498","89/23210",0.00065571086915398,0.012675098791972,0.00982238953793411,"Bmp4/Tcf21/Myc/Egr1/Lif/Adipoq/Hes1/Spry1",8
"GO:1904035","regulation of epithelial cell apoptotic process","8/498","89/23210",0.00065571086915398,0.012675098791972,0.00982238953793411,"Serpine1/Bmp4/Fasl/Zfp36l1/Zfp36/Tnfaip3/Thbs1/Icam1",8
"GO:0000288","nuclear-transcribed mRNA catabolic process, deadenylation-dependent decay","6/498","50/23210",0.000675981358259134,0.0128919301896564,0.00999041997991061,"Btg2/Zfp36l1/Noct/Zfp36/Zfp36l2/Tob1",6
"GO:0061014","positive regulation of mRNA catabolic process","6/498","50/23210",0.000675981358259134,0.0128919301896564,0.00999041997991061,"Btg2/Zfp36l1/Zfp36/Zfp36l2/Tob1/Zc3h12d",6
"GO:0120193","tight junction organization","6/498","50/23210",0.000675981358259134,0.0128919301896564,0.00999041997991061,"Epha2/Snai1/Cldn1/Fzd5/Gja1/Srf",6
"GO:0033674","positive regulation of kinase activity","22/498","476/23210",0.000684262020607162,0.0129302721133929,0.0100201325144443,"Gadd45a/Pim1/Bmp4/Ccnd1/Egr1/Cdkn1a/Map3k6/Ccn1/Hsp90aa1/Fzd5/Adam17/Hsph1/Cass4/Thbs1/Irgm2/Ddx3x/Adipoq/Pfkfb1/Ern1/Ccnyl1/Map3k14/Map2k4",22
"GO:0046635","positive regulation of alpha-beta T cell activation","7/498","69/23210",0.000687072043478509,0.0129302721133929,0.0100201325144443,"Zbtb16/Nfkbiz/Hlx/Hsph1/Myb/Shb/Cd80",7
"GO:0048332","mesoderm morphogenesis","7/498","69/23210",0.000687072043478509,0.0129302721133929,0.0100201325144443,"Bmp4/Epha2/Snai1/Tbx3/Tbx6/Srf/Scx",7
"GO:0043405","regulation of MAP kinase activity","16/498","295/23210",0.000691775208654286,0.0129616828568908,0.0100444738283367,"Gadd45a/Tnxb/Dusp5/Bmp4/Map3k6/Trib1/Dusp1/Rgs2/Spry4/Fzd5/Thbs1/Adipoq/Ern1/Dusp8/Spry1/Map2k4",16
"GO:1901652","response to peptide","19/498","384/23210",0.000699588797904522,0.0130508442997734,0.0101135682344736,"Nr4a1/Sgk1/Egr1/Zfp36l1/Cacybp/Socs3/Tnfaip3/Klf15/Cish/Icam1/Mmp2/Adipoq/Rela/Egr2/Gpr21/Cry2/Sesn2/Cdk2/Trp53",19
"GO:1903313","positive regulation of mRNA metabolic process","8/498","90/23210",0.000706429117903502,0.0131211530073207,0.0101680529785195,"Btg2/Zfp36l1/Zfp36/Nup98/Zfp36l2/Leo1/Tob1/Zc3h12d",8
"GO:0017148","negative regulation of translation","10/498","136/23210",0.000721881793754649,0.0133501256403457,0.0103454921000609,"Btg2/Cpeb4/Zfp36l1/Rgs2/Zfp36/Ddx3x/Zfp36l2/Tob1/Sesn2/Zc3h12d",10
"GO:0001763","morphogenesis of a branching structure","14/498","240/23210",0.000728545111830571,0.0134152789557767,0.0103959817454952,"Adm/Ahr/Bmp4/Tcf21/Myc/Epha2/Mgp/Fzd5/Socs3/Mmp14/Tbx3/Etv5/Srf/Spry1",14
"GO:0002931","response to ischemia","5/498","34/23210",0.000741743891970649,0.0135996991695219,0.0105388955963302,"Cpeb4/Egr1/Rcan1/Hk2/Trp53",5
"GO:0017145","stem cell division","6/498","51/23210",0.000752421187092619,0.0137365098771781,0.0106449151300328,"Zbtb16/Numb/Gnl3/Myb/Zfp36l2/Etv5",6
"GO:0002366","leukocyte activation involved in immune response","15/498","269/23210",0.000759579651034008,0.013808188379648,0.0107004613773884,"Nfkbiz/Slamf6/Clec4e/Clec4d/Ptafr/Hlx/Hspd1/Tnfaip3/Cd46/Il18r1/Icam1/Myb/Shb/Fgl2/Trp53",15
"GO:0044819","mitotic G1/S transition checkpoint","4/498","20/23210",0.000772063623958699,0.0139166911457872,0.0107845440699538,"Ccnd1/Cdkn1a/Plk3/Trp53",4
"GO:0060294","cilium movement involved in cell motility","4/498","20/23210",0.000772063623958699,0.0139166911457872,0.0107845440699538,"Cfap43/Cfap54/Tekt4/Spag16",4
"GO:0071407","cellular response to organic cyclic compound","22/498","482/23210",0.000806071621006703,0.0144686469115153,0.0112122744275368,"Ahr/Arntl/Pim1/Bmp4/Tcf21/Sgk1/Egr1/Zfp36l1/Zfp36/Tmem173/Per1/Mir18/Clock/Mmp2/Adipoq/Atf4/Glrx/Zfp36l2/Spp1/Npc1/Cry2/Cftr",22
"GO:0061077","chaperone-mediated protein folding","6/498","52/23210",0.000835369258373577,0.0149317885848198,0.0115711795533358,"Dnajb1/Chordc1/Hsph1/Hspe1/Hspa5/Hspa1a",6
"GO:0001539","cilium or flagellum-dependent cell motility","5/498","35/23210",0.000850271842181866,0.0150720386298794,0.0116798643531861,"Efhc1/Cfap43/Cfap54/Tekt4/Spag16",5
"GO:0060285","cilium-dependent cell motility","5/498","35/23210",0.000850271842181866,0.0150720386298794,0.0116798643531861,"Efhc1/Cfap43/Cfap54/Tekt4/Spag16",5
"GO:0032680","regulation of tumor necrosis factor production","11/498","164/23210",0.000858582042855832,0.0151564565581823,0.0117452828394154,"Ccl3/Zfp36/Ptafr/Gpnmb/Fzd5/Hspd1/Tnfaip3/Thbs1/Adipoq/Cd300ld/Mmp8",11
"GO:0044706","multi-multicellular organism process","12/498","190/23210",0.000863439828724714,0.0151794853839999,0.0117631287040902,"Arntl/Acr/Ptgs2/Il11ra1/Lif/Junb/Ptafr/Avpr1a/Mmp2/Tekt4/Ddo/Ptgis",12
"GO:0002263","cell activation involved in immune response","15/498","273/23210",0.000882359348202311,0.0154485210472142,0.0119716141074041,"Nfkbiz/Slamf6/Clec4e/Clec4d/Ptafr/Hlx/Hspd1/Tnfaip3/Cd46/Il18r1/Icam1/Myb/Shb/Fgl2/Trp53",15
"GO:0030282","bone mineralization","9/498","116/23210",0.000899142820210744,0.0156781148079196,0.0121495345631054,"Bmp4/Aspn/Ptgs2/Ccr1/Ccn1/Col1a2/Mgp/Gja1/Phex",9
"GO:1904705","regulation of vascular smooth muscle cell proliferation","6/498","53/23210",0.000925191856464779,0.0159717267585802,0.0123770650147188,"Jun/Cdkn1a/Mmp2/Adipoq/Ern1/Adamts1",6
"GO:1990874","vascular smooth muscle cell proliferation","6/498","53/23210",0.000925191856464779,0.0159717267585802,0.0123770650147188,"Jun/Cdkn1a/Mmp2/Adipoq/Ern1/Adamts1",6
"GO:0045475","locomotor rhythm","4/498","21/23210",0.000937667440819609,0.0159717267585802,0.0123770650147188,"Egr1/Npas2/Lepr/Ciart",4
"GO:0048569","post-embryonic animal organ development","4/498","21/23210",0.000937667440819609,0.0159717267585802,0.0123770650147188,"Ahr/Myo1e/Fzd5/Bcl11b",4
"GO:1901522","positive regulation of transcription from RNA polymerase II promoter involved in cellular response to chemical stimulus","4/498","21/23210",0.000937667440819609,0.0159717267585802,0.0123770650147188,"Atf4/Rela/Sesn2/Trp53",4
"GO:1902882","regulation of response to oxidative stress","8/498","94/23210",0.000941817599303379,0.0159717267585802,0.0123770650147188,"Gch1/Mcl1/Hsph1/Atf4/Glrx/Sesn2/Acox2/Trp53",8
"GO:0120031","plasma membrane bounded cell projection assembly","22/498","488/23210",0.000946221030256077,0.0159717267585802,0.0123770650147188,"Epha2/Dnah7b/Dnali1/Cc2d2a/Cfap43/Hsp90aa1/Vcl/Wdr19/Dynll1/Spag6l/Dnah5/Rhog/Icam1/Ptpn23/Cfap54/Tekt4/Rp1/Hydin/Spag16/Srf/Cdh13/Dnaaf1",22
"GO:1903555","regulation of tumor necrosis factor superfamily cytokine production","11/498","166/23210",0.000948393450076813,0.0159717267585802,0.0123770650147188,"Ccl3/Zfp36/Ptafr/Gpnmb/Fzd5/Hspd1/Tnfaip3/Thbs1/Adipoq/Cd300ld/Mmp8",11
"GO:0050673","epithelial cell proliferation","20/498","425/23210",0.000949629821320079,0.0159717267585802,0.0123770650147188,"Nr4a1/Jun/Bmp4/Myc/Epha2/Ccnd1/Zfp36l1/Zfp36/Cebpb/Adam17/Bcl11b/Tnfaip3/Thbs1/Lims2/Hes1/Gja1/Ern1/Sgpp2/Bnc1/Cdh13",20
"GO:0032640","tumor necrosis factor production","11/498","167/23210",0.000996130388471873,0.0166881138021641,0.0129322190784068,"Ccl3/Zfp36/Ptafr/Gpnmb/Fzd5/Hspd1/Tnfaip3/Thbs1/Adipoq/Cd300ld/Mmp8",11
"GO:0001704","formation of primary germ layer","8/498","95/23210",0.00100950881686241,0.0168461783813915,0.0130547090009551,"Bmp4/Epha2/Snai1/Leo1/Tbx6/Srf/Scx/Ets2",8
"GO:0030199","collagen fibril organization","6/498","54/23210",0.0010222637883177,0.0169267864484233,0.0131171750887767,"Tnxb/Col1a2/P4ha1/Col3a1/Col14a1/Scx",6
"GO:2000351","regulation of endothelial cell apoptotic process","6/498","54/23210",0.0010222637883177,0.0169267864484233,0.0131171750887767,"Serpine1/Bmp4/Fasl/Tnfaip3/Thbs1/Icam1",6
"GO:0006006","glucose metabolic process","12/498","194/23210",0.00103468267216774,0.0170006322134639,0.0131744008257796,"Myc/Atf3/Pdk1/Midn/Adipoq/Pfkfb1/Atf4/Ganc/Hk2/Lepr/Sesn2/Trp53",12
"GO:0031669","cellular response to nutrient levels","12/498","194/23210",0.00103468267216774,0.0170006322134639,0.0131744008257796,"Pim1/Jun/Cpeb4/Cdkn1a/Atf3/Atf4/Hspa5/Dapl1/Cd68/Sesn2/Srf/Trp53",12
"GO:0010507","negative regulation of autophagy","7/498","74/23210",0.00104564757218138,0.017114967158463,0.013263003083325,"Mcl1/Tnfaip3/Dapl1/Usp36/Npc1/Lepr/Trp53",7
"GO:0051775","response to redox state","3/498","10/23210",0.00105295528015857,0.0171687975451809,0.0133047181844062,"Arntl/Npas2/Clock",3
"GO:0090288","negative regulation of cellular response to growth factor stimulus","10/498","143/23210",0.0010624777866084,0.0172581943132741,0.0133739949525052,"Aspn/Mmrn2/Spry4/Adam17/Thbs1/Smad6/Hspa5/Tob1/Spry1/Trp53",10
"GO:0050867","positive regulation of cell activation","21/498","461/23210",0.00107686893022885,0.0173713188132518,0.0134616591927057,"Zbtb16/Nfkbiz/Cdkn1a/Icos/Plek/Clec4d/Ptafr/Hlx/Hsp90aa1/Hsph1/Mmp14/Hspd1/Thbs1/Cd46/Myb/Hes1/Shb/Cd80/Mmp8/Il15/Cftr",21
"GO:0010035","response to inorganic substance","22/498","493/23210",0.00107861429971031,0.0173713188132518,0.0134616591927057,"Nr4a1/Fosb/Jun/Fos/Homer1/Cpne2/Gch1/Junb/Hsph1/Tnfaip3/Thbs1/Mir18/Avpr1a/Jund/Mmp2/Aqp9/Syt10/Glrx/Rela/Npc1/Spag16/Trp53",22
"GO:0003205","cardiac chamber development","12/498","195/23210",0.00108164110588131,0.0173713188132518,0.0134616591927057,"Ahr/Bmp4/Ccn1/Mir18/Smad6/Tbx3/Hes1/Mir19a/Adamts1/Tbx6/Srf/Trp53",12
"GO:0046651","lymphocyte proliferation","16/498","308/23210",0.00109056160544479,0.0174489856871167,0.0135218460442494,"Ahr/Bmp4/Slamf6/Cdkn1a/Cd209a/Cebpb/Gpnmb/Hspd1/Cd46/Hes1/Shb/Gja1/Cd80/Il15/Trp53/Zc3h12d",16
"GO:0033144","negative regulation of intracellular steroid hormone receptor signaling pathway","5/498","37/23210",0.00110224219329167,0.0175700695885896,0.0136156783106925,"Arntl/Tcf21/Per1/Clock/Cry2",5
"GO:0003323","type B pancreatic cell development","4/498","22/23210",0.00112675601992758,0.0177619989562015,0.0137644112747028,"Arntl/Bmp4/Clock/Cftr",4
"GO:0043153","entrainment of circadian clock by photoperiod","4/498","22/23210",0.00112675601992758,0.0177619989562015,0.0137644112747028,"Per3/Per1/Cry2/Trp53",4
"GO:0045624","positive regulation of T-helper cell differentiation","4/498","22/23210",0.00112675601992758,0.0177619989562015,0.0137644112747028,"Nfkbiz/Hlx/Myb/Shb",4
"GO:0009611","response to wounding","22/498","495/23210",0.00113587408291828,0.0178034328537748,0.0137965198908737,"Adm/Hbegf/Serpine1/Jun/Cdkn1a/Zfp36l1/5430416N02Rik/Plek/Ccn1/Zfp36/Adam17/Tnfaip3/Thbs1/Flrt3/Mmp2/Gja1/Zfp36l2/Col3a1/2810403D21Rik/Srf/Bnc1/Map2k4",22
"GO:0010631","epithelial cell migration","15/498","280/23210",0.00113771937478477,0.0178034328537748,0.0137965198908737,"Hbegf/Nr4a1/Serpine1/Jun/Bmp4/Mmrn2/Epha2/Ptgs2/Adam17/Glipr2/Thbs1/Ptpn23/Dock1/Srf/Cdh13",15
"GO:0007369","gastrulation","11/498","170/23210",0.00115139257892424,0.0178367914799581,0.0138223706890569,"Bmp4/Epha2/Snai1/Tnfaip3/Adipoq/Leo1/Tbx6/Srf/Scx/Trp53/Ets2",11
"GO:0071706","tumor necrosis factor superfamily cytokine production","11/498","170/23210",0.00115139257892424,0.0178367914799581,0.0138223706890569,"Ccl3/Zfp36/Ptafr/Gpnmb/Fzd5/Hspd1/Tnfaip3/Thbs1/Adipoq/Cd300ld/Mmp8",11
"GO:0045638","negative regulation of myeloid cell differentiation","8/498","97/23210",0.00115655225654223,0.0178367914799581,0.0138223706890569,"Zbtb16/Myc/Zfp36l1/Trib1/Zfp36/Adipoq/Leo1/H4c9",8
"GO:0070167","regulation of biomineral tissue development","8/498","97/23210",0.00115655225654223,0.0178367914799581,0.0138223706890569,"Bmp4/Aspn/Ccr1/Ccn1/Mgp/Cebpb/Atf4/Gja1",8
"GO:0032943","mononuclear cell proliferation","16/498","310/23210",0.0011665178109278,0.0179257701017394,0.0138913234205525,"Ahr/Bmp4/Slamf6/Cdkn1a/Cd209a/Cebpb/Gpnmb/Hspd1/Cd46/Hes1/Shb/Gja1/Cd80/Il15/Trp53/Zc3h12d",16
"GO:0031099","regeneration","10/498","145/23210",0.00118086891774724,0.0180812617083019,0.0140118194541222,"Adm/Serpine1/Jun/Ccnd1/Cdkn1a/Lif/Cebpb/Adam17/Mmp2/Gja1",10
"GO:0043271","negative regulation of ion transport","11/498","171/23210",0.00120737245299944,0.0183916766205385,0.014252371124481,"Ahr/Ptgs2/Kcnrg/Rgs2/Gem/Kcne4/Thbs1/Icam1/Wnk4/Atf4/Hes1",11
"GO:0019221","cytokine-mediated signaling pathway","17/498","341/23210",0.00120975213725921,0.0183916766205385,0.014252371124481,"Ccl3/Egr1/Il11ra1/Ccr1/Ugcg/Klf6/Adam17/Il2rb/Il18r1/Irgm2/Tff2/Adipoq/Rela/Ifitm2/Lepr/Il15/Trp53",17
"GO:0032868","response to insulin","13/498","225/23210",0.00121470598241632,0.0184015033932003,0.0142599862437451,"Sgk1/Egr1/Zfp36l1/Socs3/Klf15/Cish/Adipoq/Rela/Egr2/Gpr21/Cry2/Sesn2/Cdk2",13
"GO:0090132","epithelium migration","15/498","282/23210",0.0012211985617857,0.0184344885369205,0.0142855476169463,"Hbegf/Nr4a1/Serpine1/Jun/Bmp4/Mmrn2/Epha2/Ptgs2/Adam17/Glipr2/Thbs1/Ptpn23/Dock1/Srf/Cdh13",15
"GO:0042149","cellular response to glucose starvation","5/498","38/23210",0.00124714334770579,0.0187598464133773,0.0145376791272599,"Cpeb4/Atf4/Hspa5/Sesn2/Trp53",5
"GO:0010948","negative regulation of cell cycle process","13/498","226/23210",0.00126432333948394,0.0189480280792472,0.0146835078625154,"Bmp4/Ovol1/Ccnd1/Cdkn1a/Zfp36l1/Lif/Nek2/Plk3/Gpnmb/Zfp36l2/Susd2/Trp53/Zc3h12d",13
"GO:0003002","regionalization","18/498","373/23210",0.00126852435174735,0.0189480280792472,0.0146835078625154,"Btg2/Bmp4/Zbtb16/Ddit3/Snai1/Fzd5/Wdr19/Smad6/Tbx3/Hes1/Egr2/Senp2/Tbx6/Srf/Spry1/Trp53/Dnaaf1/Ets2",18
"GO:0071216","cellular response to biotic stimulus","16/498","313/23210",0.0012888154614594,0.0191840405970542,0.014866402443755,"Serpine1/Ddit3/Trib1/Zfp36/Gch1/Cebpb/Fzd5/Tnfaip3/Mir598/Irgm2/Litaf/Rela/Hspa5/Cd80/Cd68/Trp53",16
"GO:0072594","establishment of protein localization to organelle","18/498","374/23210",0.00130692258315581,0.0192943244505962,0.0149518653649529,"Arntl/Bmp4/Bag3/Ptgs2/Ddit3/Cdkn1a/Nup98/Hsp90aa1/Hsph1/Hspd1/Tnfaip3/Hspa5/Hk2/Prickle1/Vps37b/Cd68/Cry2/Trp53",18
"GO:0007162","negative regulation of cell adhesion","15/498","284/23210",0.00130977389762942,0.0192943244505962,0.0149518653649529,"Serpine1/Bmp4/Dusp1/Hlx/Cebpb/Gpnmb/Mmp14/Tnfaip3/Thbs1/Mmp2/Adipoq/Cd80/Fgl2/Cdh13/Zc3h12d",15
"GO:0090130","tissue migration","15/498","284/23210",0.00130977389762942,0.0192943244505962,0.0149518653649529,"Hbegf/Nr4a1/Serpine1/Jun/Bmp4/Mmrn2/Epha2/Ptgs2/Adam17/Glipr2/Thbs1/Ptpn23/Dock1/Srf/Cdh13",15
"GO:0009648","photoperiodism","4/498","23/23210",0.00134103626632108,0.0196195442798755,0.0152038898975479,"Per3/Per1/Cry2/Trp53",4
"GO:0072202","cell differentiation involved in metanephros development","4/498","23/23210",0.00134103626632108,0.0196195442798755,0.0152038898975479,"Bmp4/Tcf21/Lif/Adipoq",4
"GO:0072577","endothelial cell apoptotic process","6/498","57/23210",0.00136084447132445,0.0198413910631333,0.0153758069420349,"Serpine1/Bmp4/Fasl/Tnfaip3/Thbs1/Icam1",6
"GO:0000302","response to reactive oxygen species","12/498","201/23210",0.001402066391484,0.0203556620087525,0.0157743339782985,"Jun/Fos/Gch1/Plk3/Hsph1/Tnfaip3/Thbs1/Mmp2/Glrx/Rela/Sesn2/Trp53",12
"GO:2000142","regulation of DNA-templated transcription, initiation","5/498","39/23210",0.00140564613590402,0.0203556620087525,0.0157743339782985,"Ahr/Jun/Fosl1/Srf/Trp53",5
"GO:0002468","dendritic cell antigen processing and presentation","3/498","11/23210",0.00142482449978996,0.0204256720238346,0.0158285872548196,"Thbs1/Cd68/Fgl2",3
"GO:0072102","glomerulus morphogenesis","3/498","11/23210",0.00142482449978996,0.0204256720238346,0.0158285872548196,"Ahr/Bmp4/Tcf21",3
"GO:0097084","vascular smooth muscle cell development","3/498","11/23210",0.00142482449978996,0.0204256720238346,0.0158285872548196,"Adm/Smad6/Hes1",3
"GO:0072593","reactive oxygen species metabolic process","15/498","288/23210",0.00150318708820141,0.0214769740494864,0.0166432789733971,"Gadd45a/Ptgs2/Cdkn1a/Ccn1/Gch1/Hsp90aa1/Hspd1/Dynll1/Thbs1/Icam1/Hk2/Mmp8/Sesn2/Ptgis/Trp53",15
"GO:0048562","embryonic organ morphogenesis","16/498","318/23210",0.00151666483169935,0.021565467776758,0.0167118559427124,"Bmp4/Tcf21/Myc/Epha2/Foxf2/Hlx/Fzd5/Mmp14/Wdr19/Tbx3/Hes1/Gja1/Flvcr1/Tbx6/Srf/Dnaaf1",16
"GO:0034614","cellular response to reactive oxygen species","10/498","150/23210",0.00152452510968654,0.021565467776758,0.0167118559427124,"Jun/Fos/Gch1/Hsph1/Tnfaip3/Thbs1/Mmp2/Glrx/Rela/Trp53",10
"GO:0045580","regulation of T cell differentiation","10/498","150/23210",0.00152452510968654,0.021565467776758,0.0167118559427124,"Bmp4/Zbtb16/Nfkbiz/Hlx/Hsp90aa1/Cd46/Myb/Shb/Fgl2/Il15",10
"GO:0030225","macrophage differentiation","5/498","40/23210",0.00157850571160471,0.0222553676566842,0.0172464841514567,"Bmp4/Trib1/Lif/Adipoq/Il15",5
"GO:1901987","regulation of cell cycle phase transition","15/498","290/23210",0.00160853073237937,0.0226040897655417,0.0175167214450593,"Ovol1/Ccnd1/Cdkn1a/Zfp36l1/Plk3/Gpnmb/Adam17/Ddx3x/Adamts1/Zfp36l2/Senp2/Susd2/Cdk2/Trp53/Zc3h12d",15
"GO:0002696","positive regulation of leukocyte activation","20/498","446/23210",0.00168779906449055,0.0236402544377168,0.0183196826844617,"Zbtb16/Nfkbiz/Cdkn1a/Icos/Clec4d/Ptafr/Hlx/Hsp90aa1/Hsph1/Mmp14/Hspd1/Thbs1/Cd46/Myb/Hes1/Shb/Cd80/Mmp8/Il15/Cftr",20
"GO:2000279","negative regulation of DNA biosynthetic process","5/498","41/23210",0.00176648521566477,0.0245938424822839,0.0190586523277111,"Ahr/Dusp1/Adipoq/Gja1/Trp53",5
"GO:0043588","skin development","15/498","293/23210",0.0017780829703255,0.0245938424822839,0.0190586523277111,"Foxq1/Ovol1/Epha2/Ptgs2/Zfp36l1/Snai1/Ugcg/Cldn1/Col1a2/Zfp36/Bcl11b/Asprv1/Rela/Col3a1/Srf",15
"GO:0090183","regulation of kidney development","6/498","60/23210",0.00177890855033374,0.0245938424822839,0.0190586523277111,"Bmp4/Myc/Egr1/Lif/Adipoq/Prom1",6
"GO:2000134","negative regulation of G1/S transition of mitotic cell cycle","6/498","60/23210",0.00177890855033374,0.0245938424822839,0.0190586523277111,"Ccnd1/Cdkn1a/Plk3/Gpnmb/Trp53/Zc3h12d",6
"GO:0055001","muscle cell development","12/498","207/23210",0.00179715836465501,0.0247660017219555,0.0191920647091342,"Adm/Bmp4/Actg1/Rgs2/Homer1/Rcan1/Smad6/Tbx3/Hes1/Col14a1/Srf/Map2k4",12
"GO:0000289","nuclear-transcribed mRNA poly(A) tail shortening","4/498","25/23210",0.00185196147266797,0.0252755510002674,0.0195869327557267,"Btg2/Noct/Zfp36/Tob1",4
"GO:0009649","entrainment of circadian clock","4/498","25/23210",0.00185196147266797,0.0252755510002674,0.0195869327557267,"Per3/Per1/Cry2/Trp53",4
"GO:0045737","positive regulation of cyclin-dependent protein serine/threonine kinase activity","4/498","25/23210",0.00185196147266797,0.0252755510002674,0.0195869327557267,"Pim1/Ccnd1/Adam17/Ccnyl1",4
"GO:0060213","positive regulation of nuclear-transcribed mRNA poly(A) tail shortening","3/498","12/23210",0.00186963345413963,0.0252755510002674,0.0195869327557267,"Btg2/Zfp36/Tob1",3
"GO:0070423","nucleotide-binding oligomerization domain containing signaling pathway","3/498","12/23210",0.00186963345413963,0.0252755510002674,0.0195869327557267,"Tnfaip3/Irgm2/Rela",3
"GO:0070431","nucleotide-binding oligomerization domain containing 2 signaling pathway","3/498","12/23210",0.00186963345413963,0.0252755510002674,0.0195869327557267,"Tnfaip3/Irgm2/Rela",3
"GO:0045600","positive regulation of fat cell differentiation","6/498","61/23210",0.00193786381991619,0.0261153130557791,0.0202376945496809,"Zbtb16/Ptgs2/Zfp36l1/Noct/Zfp36/Cebpb",6
"GO:2000027","regulation of animal organ morphogenesis","12/498","209/23210",0.00194757746032296,0.0261636821084896,0.0202751774667849,"Pim1/Bmp4/Aspn/Numb/Myc/Lif/Chad/Tnfaip3/Lims2/Hes1/Etv5/Spry1",12
"GO:0007178","transmembrane receptor protein serine/threonine kinase signaling pathway","17/498","357/23210",0.00196837800250684,0.0263042325281638,0.0203840950377181,"Jun/Bmp4/Aspn/Fos/Egr1/Ccn1/Col1a2/Gdf10/Adam17/Thbs1/Smad6/Hes1/Hspa5/Tob1/Col3a1/Scx/Trp53",17
"GO:0034198","cellular response to amino acid starvation","5/498","42/23210",0.00197035449649167,0.0263042325281638,0.0203840950377181,"Cdkn1a/Atf3/Atf4/Dapl1/Sesn2",5
"GO:0050678","regulation of epithelial cell proliferation","17/498","358/23210",0.00202673811161456,0.0269232001054056,0.0208637552561356,"Nr4a1/Jun/Bmp4/Myc/Ccnd1/Zfp36l1/Zfp36/Adam17/Bcl11b/Tnfaip3/Thbs1/Lims2/Hes1/Gja1/Sgpp2/Bnc1/Cdh13",17
"GO:0010959","regulation of metal ion transport","19/498","421/23210",0.00202932360345052,0.0269232001054056,0.0208637552561356,"Ahr/Serpine1/Bmp4/Sgk1/Ptgs2/Kcnrg/Kcnj2/Ccr1/Gem/Homer1/Per1/Kcne4/Icam1/Wnk4/Atf4/Hes1/Glrx/Gja1/Cckar",19
"GO:0034249","negative regulation of cellular amide metabolic process","10/498","156/23210",0.00203967130667808,0.026976705331668,0.020905218378695,"Btg2/Cpeb4/Zfp36l1/Rgs2/Zfp36/Ddx3x/Zfp36l2/Tob1/Sesn2/Zc3h12d",10
"GO:0009299","mRNA transcription","4/498","26/23210",0.00215196757061961,0.0281441226727802,0.0218098920278666,"Ddit3/Atf4/Srf/Trp53",4
"GO:0060716","labyrinthine layer blood vessel development","4/498","26/23210",0.00215196757061961,0.0281441226727802,0.0218098920278666,"Ccn1/Junb/Fzd5/Hes1",4
"GO:0072012","glomerulus vasculature development","4/498","26/23210",0.00215196757061961,0.0281441226727802,0.0218098920278666,"Bmp4/Tcf21/Egr1/Hes1",4
"GO:0060271","cilium assembly","15/498","299/23210",0.00216215393604773,0.0281441226727802,0.0218098920278666,"Dnah7b/Dnali1/Cc2d2a/Cfap43/Wdr19/Dynll1/Spag6l/Dnah5/Ptpn23/Cfap54/Tekt4/Rp1/Hydin/Spag16/Dnaaf1",15
"GO:0048754","branching morphogenesis of an epithelial tube","11/498","184/23210",0.00216240757579077,0.0281441226727802,0.0218098920278666,"Ahr/Bmp4/Tcf21/Myc/Epha2/Mgp/Mmp14/Tbx3/Etv5/Srf/Spry1",11
"GO:0007043","cell-cell junction assembly","8/498","107/23210",0.0021674663762511,0.0281441226727802,0.0218098920278666,"Epha2/Snai1/Cldn1/Fzd5/Vcl/Gja1/Srf/Cdh13",8
"GO:1901031","regulation of response to reactive oxygen species","5/498","43/23210",0.00219088884240834,0.0282909700398659,0.0219236893296319,"Gch1/Hsph1/Glrx/Sesn2/Trp53",5
"GO:0006970","response to osmotic stress","7/498","84/23210",0.00219202038464317,0.0282909700398659,0.0219236893296319,"Ptgs2/Zfp36l1/Plk3/Gypa/Ddx3x/Tsc22d2/Trp53",7
"GO:0002793","positive regulation of peptide secretion","16/498","331/23210",0.00227253132549584,0.0291539153829376,0.0225924166862159,"Ccl3/Clec4n/Lif/Clec4e/Fzd5/Hspd1/Dynll1/Ptpn23/Glrx/Gja1/Cckar/Sec24a/Clec5a/Mmp8/Lepr/Cftr",16
"GO:0070661","leukocyte proliferation","16/498","331/23210",0.00227253132549584,0.0291539153829376,0.0225924166862159,"Ahr/Bmp4/Slamf6/Cdkn1a/Cd209a/Cebpb/Gpnmb/Hspd1/Cd46/Hes1/Shb/Gja1/Cd80/Il15/Trp53/Zc3h12d",16
"GO:0042093","T-helper cell differentiation","6/498","63/23210",0.00228774686688108,0.0291738943740776,0.0226078991244022,"Nfkbiz/Slamf6/Hlx/Il18r1/Myb/Shb",6
"GO:0070059","intrinsic apoptotic signaling pathway in response to endoplasmic reticulum stress","6/498","63/23210",0.00228774686688108,0.0291738943740776,0.0226078991244022,"Ddit3/Chac1/Cebpb/Atf4/Ern1/Trp53",6
"GO:0030198","extracellular matrix organization","14/498","271/23210",0.00229630031315575,0.029195818267266,0.0226248887370765,"Mmp19/Tnxb/Myo1e/Foxf2/Ccn1/Col1a2/Mmp14/Mmp2/P4ha1/Col3a1/Mmp8/Col14a1/Scx/Olfml2a",14
"GO:0006109","regulation of carbohydrate metabolic process","11/498","186/23210",0.00235267997858201,0.0298238838827963,0.0231115993523049,"Myc/Plek/Ptafr/Pdk1/Midn/Adipoq/Pfkfb1/Lepr/Entpd5/Sesn2/Trp53",11
"GO:0008406","gonad development","12/498","214/23210",0.0023692278856644,0.0299447974188116,0.0232052995964327,"Ahr/Serpine1/Bmp4/Tcf21/Ccnd1/Cebpb/Wdr19/Icam1/Mmp2/Gja1/Adamts1/Cftr",12
"GO:0006983","ER overload response","3/498","13/23210",0.00239201457443969,0.0299527807929973,0.0232114861999745,"Ddit3/Hspa5/Trp53",3
"GO:0035872","nucleotide-binding domain, leucine rich repeat containing receptor signaling pathway","3/498","13/23210",0.00239201457443969,0.0299527807929973,0.0232114861999745,"Tnfaip3/Irgm2/Rela",3
"GO:0060670","branching involved in labyrinthine layer morphogenesis","3/498","13/23210",0.00239201457443969,0.0299527807929973,0.0232114861999745,"Adm/Fzd5/Socs3",3
"GO:0071385","cellular response to glucocorticoid stimulus","5/498","44/23210",0.00242886772887762,0.0299527807929973,0.0232114861999745,"Bmp4/Sgk1/Zfp36l1/Zfp36/Zfp36l2",5
"GO:2000379","positive regulation of reactive oxygen species metabolic process","8/498","109/23210",0.00243457383041299,0.0299527807929973,0.0232114861999745,"Gadd45a/Ptgs2/Cdkn1a/Hsp90aa1/Thbs1/Icam1/Mmp8/Trp53",8
"GO:1901988","negative regulation of cell cycle phase transition","10/498","160/23210",0.00245502168868218,0.0299527807929973,0.0232114861999745,"Ovol1/Ccnd1/Cdkn1a/Zfp36l1/Plk3/Gpnmb/Zfp36l2/Susd2/Trp53/Zc3h12d",10
"GO:0009799","specification of symmetry","9/498","134/23210",0.00245654696835536,0.0299527807929973,0.0232114861999745,"Bmp4/Ddit3/Cc2d2a/Tbx3/Dnah5/Gja1/Tbx6/Srf/Dnaaf1",9
"GO:0055123","digestive system development","9/498","134/23210",0.00245654696835536,0.0299527807929973,0.0232114861999745,"Bmp4/Tcf21/Foxf2/Hlx/Wdr19/Myb/Hes1/Col3a1/Dnaaf1",9
"GO:0002294","CD4-positive, alpha-beta T cell differentiation involved in immune response","6/498","64/23210",0.00247954987521523,0.0299527807929973,0.0232114861999745,"Nfkbiz/Slamf6/Hlx/Il18r1/Myb/Shb",6
"GO:0009880","embryonic pattern specification","6/498","64/23210",0.00247954987521523,0.0299527807929973,0.0232114861999745,"Zbtb16/Ripply3/Fzd5/Smad6/Tbx3/Tbx6",6
"GO:0034605","cellular response to heat","6/498","64/23210",0.00247954987521523,0.0299527807929973,0.0232114861999745,"Ier5/Chordc1/Bag3/Hsp90aa1/Hspa5/Hspa1a",6
"GO:0071479","cellular response to ionizing radiation","6/498","64/23210",0.00247954987521523,0.0299527807929973,0.0232114861999745,"Gadd45a/Egr1/Cdkn1a/Clock/Ddias/Trp53",6
"GO:0060343","trabecula formation","4/498","27/23210",0.00248387862889369,0.0299527807929973,0.0232114861999745,"Chad/Mmp2/Adamts1/Srf",4
"GO:0061437","renal system vasculature development","4/498","27/23210",0.00248387862889369,0.0299527807929973,0.0232114861999745,"Bmp4/Tcf21/Egr1/Hes1",4
"GO:0061440","kidney vasculature development","4/498","27/23210",0.00248387862889369,0.0299527807929973,0.0232114861999745,"Bmp4/Tcf21/Egr1/Hes1",4
"GO:0071402","cellular response to lipoprotein particle stimulus","4/498","27/23210",0.00248387862889369,0.0299527807929973,0.0232114861999745,"Adam17/Cd68/Npc1/Cdh13",4
"GO:1901215","negative regulation of neuron death","13/498","244/23210",0.00248905364735815,0.0299527807929973,0.0232114861999745,"Foxq1/Btg2/Tox3/Jun/Cpeb4/Cebpb/Gpnmb/Hsph1/Hspd1/Prkcg/Atf4/Rel/Map2k4",13
"GO:0003281","ventricular septum development","7/498","86/23210",0.00250722258338012,0.0300866710005615,0.0233152425332066,"Bmp4/Ccn1/Mir18/Smad6/Tbx3/Hes1/Mir19a",7
"GO:2001236","regulation of extrinsic apoptotic signaling pathway","10/498","161/23210",0.00256878783720311,0.0307391082367834,0.0238208395931115,"Serpine1/Siah2/Bmp4/Atf3/Mcl1/Tnfaip3/Thbs1/Icam1/Dedd2/Rela",10
"GO:0072091","regulation of stem cell proliferation","7/498","87/23210",0.00267733548318632,0.0316868352143941,0.024555267284957,"Pim1/Bmp4/Ovol1/Nfya/Zfp36l1/Tbx3/Trp53",7
"GO:0001707","mesoderm formation","6/498","65/23210",0.00268318482802862,0.0316868352143941,0.024555267284957,"Bmp4/Epha2/Snai1/Tbx6/Srf/Scx",6
"GO:0002293","alpha-beta T cell differentiation involved in immune response","6/498","65/23210",0.00268318482802862,0.0316868352143941,0.024555267284957,"Nfkbiz/Slamf6/Hlx/Il18r1/Myb/Shb",6
"GO:0060425","lung morphogenesis","6/498","65/23210",0.00268318482802862,0.0316868352143941,0.024555267284957,"Bmp4/Tcf21/Lif/Stk40/Srf/Spry1",6
"GO:0060135","maternal process involved in female pregnancy","5/498","45/23210",0.0026850735832422,0.0316868352143941,0.024555267284957,"Ptgs2/Il11ra1/Lif/Junb/Ptgis",5
"GO:0045137","development of primary sexual characteristics","12/498","218/23210",0.00275774792292488,0.0324548185309506,0.0251504051547013,"Ahr/Serpine1/Bmp4/Tcf21/Ccnd1/Cebpb/Wdr19/Icam1/Mmp2/Gja1/Adamts1/Cftr",12
"GO:0002068","glandular epithelial cell development","4/498","28/23210",0.00284932189556874,0.0333487757201909,0.0258431647053027,"Arntl/Bmp4/Clock/Cftr",4
"GO:1904031","positive regulation of cyclin-dependent protein kinase activity","4/498","28/23210",0.00284932189556874,0.0333487757201909,0.0258431647053027,"Pim1/Ccnd1/Adam17/Ccnyl1",4
"GO:0048732","gland development","20/498","467/23210",0.00286557129539814,0.033447323972516,0.0259195332873948,"Ahr/Jun/Bmp4/Tcf21/Epha2/Ccnd1/Hlx/Cebpb/Bcl11b/Tnfaip3/Tbx3/Myb/Mmp2/Lims2/Hes1/Rela/Gja1/Etv5/Srf/Dnaaf1",20
"GO:0046632","alpha-beta T cell differentiation","8/498","112/23210",0.00288281453405795,0.0335569037860915,0.0260044506227227,"Zbtb16/Nfkbiz/Slamf6/Hlx/Bcl11b/Il18r1/Myb/Shb",8
"GO:0002287","alpha-beta T cell activation involved in immune response","6/498","66/23210",0.00289909990550779,0.0336547684682861,0.0260802894817563,"Nfkbiz/Slamf6/Hlx/Il18r1/Myb/Shb",6
"GO:0048536","spleen development","5/498","46/23210",0.0029602905693987,0.0340872272573349,0.0264154173379455,"Ahr/Tcf21/Adam17/Myb/Flvcr1",5
"GO:0071384","cellular response to corticosteroid stimulus","5/498","46/23210",0.0029602905693987,0.0340872272573349,0.0264154173379455,"Bmp4/Sgk1/Zfp36l1/Zfp36/Zfp36l2",5
"GO:1990928","response to amino acid starvation","5/498","46/23210",0.0029602905693987,0.0340872272573349,0.0264154173379455,"Cdkn1a/Atf3/Atf4/Dapl1/Sesn2",5
"GO:0071902","positive regulation of protein serine/threonine kinase activity","14/498","279/23210",0.00298829911570917,0.0342239773766983,0.0265213899196028,"Gadd45a/Pim1/Bmp4/Ccnd1/Map3k6/Fzd5/Adam17/Thbs1/Irgm2/Ddx3x/Adipoq/Ern1/Ccnyl1/Map2k4",14
"GO:0060211","regulation of nuclear-transcribed mRNA poly(A) tail shortening","3/498","14/23210",0.00299620026659297,0.0342239773766983,0.0265213899196028,"Btg2/Zfp36/Tob1",3
"GO:0072224","metanephric glomerulus development","3/498","14/23210",0.00299620026659297,0.0342239773766983,0.0265213899196028,"Tcf21/Egr1/Adipoq",3
"GO:1904019","epithelial cell apoptotic process","8/498","113/23210",0.00304570393708255,0.0346966592512445,0.0268876880901744,"Serpine1/Bmp4/Fasl/Zfp36l1/Zfp36/Tnfaip3/Thbs1/Icam1",8
"GO:0007179","transforming growth factor beta receptor signaling pathway","10/498","165/23210",0.00306679905577772,0.0348440573571341,0.0270019121792299,"Jun/Aspn/Fos/Col1a2/Adam17/Thbs1/Smad6/Hspa5/Col3a1/Trp53",10
"GO:0003143","embryonic heart tube morphogenesis","6/498","67/23210",0.00312774674533161,0.0353529329919264,0.0273962581952515,"Tbx3/Hes1/Gja1/Tbx6/Srf/Dnaaf1",6
"GO:0048771","tissue remodeling","11/498","193/23210",0.00312813873383619,0.0353529329919264,0.0273962581952515,"Ahr/Epha2/Lif/Klf6/Gpnmb/Mmp14/Mmp2/Gja1/Spp1/Lepr/Trp53",11
"GO:1903532","positive regulation of secretion by cell","20/498","472/23210",0.00323015881971003,0.0363098070541357,0.028137774291656,"Ccl3/Clec4n/Lif/Clec4e/Ptafr/Fzd5/Hspd1/Dynll1/Avpr1a/Ptpn23/Syt10/Glrx/Gja1/Spp1/Cckar/Sec24a/Clec5a/Mmp8/Lepr/Cftr",20
"GO:0030224","monocyte differentiation","4/498","29/23210",0.00324989639537214,0.0363098070541357,0.028137774291656,"Jun/Bmp4/Myc/Zfp36l1",4
"GO:0071480","cellular response to gamma radiation","4/498","29/23210",0.00324989639537214,0.0363098070541357,0.028137774291656,"Egr1/Cdkn1a/Ddias/Trp53",4
"GO:1903131","mononuclear cell differentiation","4/498","29/23210",0.00324989639537214,0.0363098070541357,0.028137774291656,"Jun/Bmp4/Myc/Zfp36l1",4
"GO:1902041","regulation of extrinsic apoptotic signaling pathway via death domain receptors","5/498","47/23210",0.00325530339460065,0.0363098070541357,0.028137774291656,"Serpine1/Atf3/Tnfaip3/Thbs1/Icam1",5
"GO:0072089","stem cell proliferation","9/498","140/23210",0.0032971068162333,0.0366803133305955,0.0284248929195552,"Pim1/Bmp4/Ovol1/Numb/Nfya/Zfp36l1/Tbx3/Shb/Trp53",9
"GO:0019318","hexose metabolic process","12/498","223/23210",0.00331459084425375,0.0367790443809144,0.0285014031583816,"Myc/Atf3/Pdk1/Midn/Adipoq/Pfkfb1/Atf4/Ganc/Hk2/Lepr/Sesn2/Trp53",12
"GO:0071897","DNA biosynthetic process","10/498","167/23210",0.0033431333887239,0.0369996524264987,0.0286723602605308,"Ahr/Myc/Cdkn1a/Dusp1/Nek2/Hsp90aa1/Parm1/Adipoq/Gja1/Trp53",10
"GO:0045428","regulation of nitric oxide biosynthetic process","6/498","68/23210",0.00336958001137381,0.0371001180633735,0.0287502146928124,"Ptgs2/Hsp90aa1/Dynll1/Icam1/Mmp8/Ptgis",6
"GO:0051453","regulation of intracellular pH","6/498","68/23210",0.00336958001137381,0.0371001180633735,0.0287502146928124,"Fasl/Avpr1a/Tmem175/Rab38/Trp53/Cftr",6
"GO:0050731","positive regulation of peptidyl-tyrosine phosphorylation","11/498","195/23210",0.00338384267115361,0.0371613776122576,0.0287976869186256,"Hbegf/Lif/Adam17/Hsph1/Cass4/Icam1/Adipoq/Hes1/Cd80/Il15/Trp53",11
"GO:0010632","regulation of epithelial cell migration","12/498","225/23210",0.00356132111039881,0.0389888560183437,0.0302138656065668,"Hbegf/Serpine1/Jun/Bmp4/Mmrn2/Epha2/Ptgs2/Adam17/Glipr2/Thbs1/Ptpn23/Dock1",12
"GO:0051972","regulation of telomerase activity","5/498","48/23210",0.00357089614037346,0.0389888560183437,0.0302138656065668,"Myc/Nek2/Hsp90aa1/Parm1/Trp53",5
"GO:0002040","sprouting angiogenesis","8/498","116/23210",0.00357762911029745,0.0389888560183437,0.0302138656065668,"Nr4a1/Bmp4/Mmrn2/Epha2/Ptgs2/Thbs1/Srf/Cdh13",8
"GO:0045667","regulation of osteoblast differentiation","9/498","142/23210",0.00362264391080688,0.0392790223019467,0.0304387258869561,"Ahr/Bmp4/Ccn1/Noct/Gdf10/Cebpb/Smad6/Jund/Tob1",9
"GO:0050729","positive regulation of inflammatory response","9/498","142/23210",0.00362264391080688,0.0392790223019467,0.0304387258869561,"Ccl3/Serpine1/Nfkbiz/Ptgs2/C2cd4b/Cebpb/Hspd1/Clock/Mmp8",9
"GO:0050821","protein stabilization","10/498","169/23210",0.00363890713763724,0.0392807692730813,0.0304400796776662,"Pim1/Bag3/Hypk/Per3/Hsp90aa1/Hspd1/Irgm2/Naa16/Usp36/Trp53",10
"GO:0036159","inner dynein arm assembly","3/498","15/23210",0.00368604144454751,0.0392807692730813,0.0304400796776662,"Dnah7b/Dnali1/Dnaaf1",3
"GO:0072074","kidney mesenchyme development","3/498","15/23210",0.00368604144454751,0.0392807692730813,0.0304400796776662,"Bmp4/Tcf21/Myc",3
"GO:1902894","negative regulation of pri-miRNA transcription by RNA polymerase II","3/498","15/23210",0.00368604144454751,0.0392807692730813,0.0304400796776662,"Bmp4/Rela/Srf",3
"GO:0003309","type B pancreatic cell differentiation","4/498","30/23210",0.00368716958766517,0.0392807692730813,0.0304400796776662,"Arntl/Bmp4/Clock/Cftr",4
"GO:0042026","protein refolding","4/498","30/23210",0.00368716958766517,0.0392807692730813,0.0304400796776662,"Hsp90aa1/Hspd1/Hspa5/Hspa1a",4
"GO:0043372","positive regulation of CD4-positive, alpha-beta T cell differentiation","4/498","30/23210",0.00368716958766517,0.0392807692730813,0.0304400796776662,"Nfkbiz/Hlx/Myb/Shb",4
"GO:0043010","camera-type eye development","16/498","348/23210",0.00371174062549565,0.039444169035118,0.0305667040250951,"Ahr/Jun/Bmp4/Epha2/Foxf2/Lif/Cc2d2a/Slc25a25/Fzd5/Wdr19/Bcl11b/Prom1/Gja1/Rp1/Rcn1/Srf",16
"GO:0001935","endothelial cell proliferation","9/498","143/23210",0.00379459536690978,0.0399690590859196,0.0309734601875658,"Nr4a1/Jun/Bmp4/Epha2/Adam17/Thbs1/Gja1/Ern1/Cdh13",9
"GO:0009267","cellular response to starvation","9/498","143/23210",0.00379459536690978,0.0399690590859196,0.0309734601875658,"Jun/Cpeb4/Cdkn1a/Atf3/Atf4/Hspa5/Dapl1/Sesn2/Trp53",9
"GO:0010634","positive regulation of epithelial cell migration","9/498","143/23210",0.00379459536690978,0.0399690590859196,0.0309734601875658,"Hbegf/Serpine1/Jun/Bmp4/Ptgs2/Adam17/Glipr2/Thbs1/Dock1",9
"GO:0009743","response to carbohydrate","11/498","198/23210",0.00379855758166745,0.0399690590859196,0.0309734601875658,"Egr1/Zfp36l1/Dynll1/Thbs1/Rmi1/Icam1/Adipoq/Ern1/Lepr/Sesn2/Cftr",11
"GO:2001233","regulation of apoptotic signaling pathway","18/498","414/23210",0.00389076756601554,0.0408387200049592,0.0316473916852939,"Serpine1/Siah2/Bmp4/Myc/Ptgs2/Ddit3/Atf3/Snai1/Mcl1/Hsph1/Tnfaip3/Thbs1/Icam1/Ddx3x/Dedd2/Rela/Ddias/Trp53",18
"GO:0046638","positive regulation of alpha-beta T cell differentiation","5/498","49/23210",0.00390785111932443,0.0409174999552793,0.0317084410997815,"Zbtb16/Nfkbiz/Hlx/Myb/Shb",5
"GO:0034248","regulation of cellular amide metabolic process","17/498","382/23210",0.0039286971419348,0.0410351936194266,0.0317996461494916,"Btg2/Ppp1r15a/Cpeb4/Zfp36l1/Ccn1/Rgs2/Zfp36/Ptafr/Plk3/Per1/Pdk1/Thbs1/Ddx3x/Zfp36l2/Tob1/Sesn2/Zc3h12d",17
"GO:0030522","intracellular receptor signaling pathway","11/498","199/23210",0.00394547847978953,0.0411099611357582,0.0318575861846934,"Arntl/Pim1/Tcf21/Tmem173/Per1/Tnfaip3/Clock/Irgm2/Rela/Cry2/Ptgis",11
"GO:0007548","sex differentiation","14/498","288/23210",0.00396233113286349,0.0411851060817344,0.0319158187036898,"Ahr/Serpine1/Bmp4/Tcf21/Ccnd1/Foxf2/Cebpb/Wdr19/Tbx3/Icam1/Mmp2/Gja1/Adamts1/Cftr",14
"GO:1903320","regulation of protein modification by small protein conjugation or removal","12/498","229/23210",0.00409920648058849,0.0425043934103739,0.0329381818636965,"Siah2/Egr1/Foxf2/Trib1/Hsp90aa1/Tnfaip3/Gnl3/Prkcg/Rela/Hspa5/Prickle1/Senp2",12
"GO:1901990","regulation of mitotic cell cycle phase transition","13/498","259/23210",0.00413554376508349,0.0427474631670896,0.0331265453529708,"Ccnd1/Cdkn1a/Zfp36l1/Plk3/Gpnmb/Adam17/Ddx3x/Adamts1/Zfp36l2/Senp2/Cdk2/Trp53/Zc3h12d",13
"GO:0045216","cell-cell junction organization","9/498","145/23210",0.00415764043587657,0.0427474631670896,0.0331265453529708,"Epha2/Snai1/Cldn1/Fzd5/Vcl/Lims2/Gja1/Srf/Cdh13",9
"GO:0045662","negative regulation of myoblast differentiation","4/498","31/23210",0.00416267431589637,0.0427474631670896,0.0331265453529708,"Bmp4/Ddit3/Tbx3/Prickle1",4
"GO:0061157","mRNA destabilization","4/498","31/23210",0.00416267431589637,0.0427474631670896,0.0331265453529708,"Zfp36l1/Zfp36/Zfp36l2/Zc3h12d",4
"GO:0036293","response to decreased oxygen levels","12/498","230/23210",0.00424338314778453,0.0434717813125552,0.0336878455125138,"Myc/Cpeb4/Egr1/Zfp36l1/Plk3/Alas2/Adam17/Pdk1/Mmp2/Acot2/Ptgis/Trp53",12
"GO:0010332","response to gamma radiation","5/498","50/23210",0.0042669477594428,0.0436086144218652,0.033793882406063,"Myc/Egr1/Cdkn1a/Ddias/Trp53",5
"GO:0045582","positive regulation of T cell differentiation","7/498","95/23210",0.00437679753054833,0.0446245323401013,0.034581153708264,"Zbtb16/Nfkbiz/Hlx/Hsp90aa1/Cd46/Myb/Shb",7
"GO:2001234","negative regulation of apoptotic signaling pathway","12/498","231/23210",0.00439159924376215,0.0446688380222665,0.0346154877735137,"Serpine1/Siah2/Bmp4/Ptgs2/Snai1/Mcl1/Hsph1/Tnfaip3/Icam1/Ddx3x/Rela/Ddias",12
"GO:0002544","chronic inflammatory response","3/498","16/23210",0.00446502538038752,0.0448372137976054,0.0347459682124652,"Cebpb/Tnfaip3/Gja1",3
"GO:0045655","regulation of monocyte differentiation","3/498","16/23210",0.00446502538038752,0.0448372137976054,0.0347459682124652,"Jun/Myc/Zfp36l1",3
"GO:1901722","regulation of cell proliferation involved in kidney development","3/498","16/23210",0.00446502538038752,0.0448372137976054,0.0347459682124652,"Bmp4/Myc/Egr1",3
"GO:1904996","positive regulation of leukocyte adhesion to vascular endothelial cell","3/498","16/23210",0.00446502538038752,0.0448372137976054,0.0347459682124652,"Ptafr/Icam1/Rela",3
"GO:0071214","cellular response to abiotic stimulus","14/498","292/23210",0.00447112665678368,0.0448372137976054,0.0347459682124652,"Gadd45a/Bag3/Ptgs2/Egr1/Cdkn1a/Zfp36l1/Clock/Ddx3x/Gja1/Rp1/Ddias/Sde2/Scx/Trp53",14
"GO:0104004","cellular response to environmental stimulus","14/498","292/23210",0.00447112665678368,0.0448372137976054,0.0347459682124652,"Gadd45a/Bag3/Ptgs2/Egr1/Cdkn1a/Zfp36l1/Clock/Ddx3x/Gja1/Rp1/Ddias/Sde2/Scx/Trp53",14
"GO:0045089","positive regulation of innate immune response","12/498","232/23210",0.00454393467520678,0.0454606298184622,0.0352290756896963,"Slamf6/Pvr/Clec4e/Tmem173/Hspd1/Hexim1/Klre1/Tnfaip3/Irgm2/Mmp2/Rela/Pik3ap1",12
"GO:0043434","response to peptide hormone","15/498","324/23210",0.00457880073747665,0.0455512926649892,0.0352993335874707,"Nr4a1/Sgk1/Egr1/Zfp36l1/Cacybp/Socs3/Klf15/Cish/Adipoq/Rela/Egr2/Gpr21/Cry2/Sesn2/Cdk2",15
"GO:0036294","cellular response to decreased oxygen levels","8/498","121/23210",0.00462085193273247,0.0455512926649892,0.0352993335874707,"Myc/Cpeb4/Egr1/Zfp36l1/Plk3/Pdk1/Ptgis/Trp53",8
"GO:0048565","digestive tract development","8/498","121/23210",0.00462085193273247,0.0455512926649892,0.0352993335874707,"Bmp4/Tcf21/Foxf2/Hlx/Myb/Hes1/Col3a1/Dnaaf1",8
"GO:0006352","DNA-templated transcription, initiation","7/498","96/23210",0.00463601477068327,0.0455512926649892,0.0352993335874707,"Ahr/Jun/Myc/Gtf2e1/Fosl1/Srf/Trp53",7
"GO:0030004","cellular monovalent inorganic cation homeostasis","7/498","96/23210",0.00463601477068327,0.0455512926649892,0.0352993335874707,"Sgk1/Fasl/Avpr1a/Tmem175/Rab38/Trp53/Cftr",7
"GO:0071456","cellular response to hypoxia","7/498","96/23210",0.00463601477068327,0.0455512926649892,0.0352993335874707,"Myc/Egr1/Zfp36l1/Plk3/Pdk1/Ptgis/Trp53",7
"GO:0031018","endocrine pancreas development","5/498","51/23210",0.00464896151730695,0.0455512926649892,0.0352993335874707,"Arntl/Bmp4/Clock/Hes1/Cftr",5
"GO:0045912","negative regulation of carbohydrate metabolic process","5/498","51/23210",0.00464896151730695,0.0455512926649892,0.0352993335874707,"Plek/Midn/Adipoq/Lepr/Trp53",5
"GO:0060412","ventricular septum morphogenesis","5/498","51/23210",0.00464896151730695,0.0455512926649892,0.0352993335874707,"Bmp4/Mir18/Tbx3/Hes1/Mir19a",5
"GO:0045577","regulation of B cell differentiation","4/498","32/23210",0.00467790603358059,0.0456256040535532,0.0353569201528742,"Zfp36l1/Nfam1/Mmp14/Zfp36l2",4
"GO:0070286","axonemal dynein complex assembly","4/498","32/23210",0.00467790603358059,0.0456256040535532,0.0353569201528742,"Dnah7b/Dnali1/Dnah5/Dnaaf1",4
"GO:0001666","response to hypoxia","11/498","204/23210",0.00474951891808302,0.0462185531162885,0.0358164176894164,"Myc/Egr1/Zfp36l1/Plk3/Alas2/Adam17/Pdk1/Mmp2/Acot2/Ptgis/Trp53",11
"GO:0009612","response to mechanical stimulus","10/498","176/23210",0.00484093851145214,0.047001112093008,0.0364228507620023,"Jun/Bag3/Myc/Fos/Junb/Thbs1/Jund/Mmp2/Rela/Scx",10
"GO:0042098","T cell proliferation","11/498","205/23210",0.00492490102143694,0.047707884724668,0.0369705542723933,"Bmp4/Cd209a/Cebpb/Gpnmb/Cd46/Hes1/Gja1/Cd80/Il15/Trp53/Zc3h12d",11
"GO:0007204","positive regulation of cytosolic calcium ion concentration","15/498","327/23210",0.0049778465131316,0.0480030706638786,0.0371993044642958,"Adm/Ccl3/Bmp4/Fpr1/Fasl/Ddit3/P2ry10/Ccr1/Ccr8/Ptgfr/Avpr1a/Tpcn2/Gja1/Cckar/Gpr65",15
"GO:0044782","cilium organization","15/498","327/23210",0.0049778465131316,0.0480030706638786,0.0371993044642958,"Dnah7b/Dnali1/Cc2d2a/Cfap43/Wdr19/Dynll1/Spag6l/Dnah5/Ptpn23/Cfap54/Tekt4/Rp1/Hydin/Spag16/Dnaaf1",15
"GO:0046031","ADP metabolic process","7/498","98/23210",0.00518897982981253,0.0497025153205361,0.0385162651988681,"Myc/Bpgm/Ak9/Hk2/Ak1/Entpd5/Trp53",7
"GO:0072080","nephron tubule development","7/498","98/23210",0.00518897982981253,0.0497025153205361,0.0385162651988681,"Bmp4/Tcf21/Myc/Lif/Wnk4/Hes1/Prom1",7
"GO:2001237","negative regulation of extrinsic apoptotic signaling pathway","7/498","98/23210",0.00518897982981253,0.0497025153205361,0.0385162651988681,"Serpine1/Siah2/Bmp4/Mcl1/Tnfaip3/Icam1/Rela",7
"GO:0021591","ventricular system development","4/498","33/23210",0.00523432029247408,0.049707891848285,0.038520431663428,"Numb/Spag6l/Dnah5/Hydin",4
"GO:0048566","embryonic digestive tract development","4/498","33/23210",0.00523432029247408,0.049707891848285,0.038520431663428,"Tcf21/Foxf2/Hlx/Myb",4
"GO:0050779","RNA destabilization","4/498","33/23210",0.00523432029247408,0.049707891848285,0.038520431663428,"Zfp36l1/Zfp36/Zfp36l2/Zc3h12d",4
"GO:0043524","negative regulation of neuron apoptotic process","10/498","178/23210",0.00523608411323227,0.049707891848285,0.038520431663428,"Foxq1/Btg2/Tox3/Jun/Cpeb4/Cebpb/Hsph1/Hspd1/Prkcg/Map2k4",10
